dur (mm:ss)	Duhan+Foll 1928	Hüsch+Müller 1933	Lehmann+Ulanowsky 1941	Schmitt-Walter+Leitner 1941	Hotter+Raucheisen 1942	Rothmüller+Gyr 1944	Anders+Raucheisen 1945	Hotter+Schröter 1947	Fischer-Dieskau+Billing 1948	Fischer-Dieskau+Reutter 1952	Bogtman+Nobel 1954	Hotter+Moore 1954	Boyce+Germain 1955	Fischer-Dieskau+Moore 1955	Rehfuss+Werba 1956	Greindl+Klust 1957	Prey+Moore 1959	Souzay+Baldwin 1962	Pears+Britten 1963	Patzak+Demus 1964	Fischer-Dieskau+Demus 1966	Schey+Nobel 1966b	Pears+Britten 1970	Schock+Eröd 1970	Fischer-Dieskau+Moore 1971	Prey+Sawallisch 1973	Dermota+Dermota 1976	Hotter+Parsons 1976	Souzay+Baldwin 1976	Fischer-Dieskau+Pollini 1978	Fischer-Dieskau+Barenboim 1979	Fischer-Dieskau+Brendel 1979	Haefliger+Dähler 1980	Holl+Richter 1980	Czerwenka+Schneider 1981	Moll+Garben 1982	Vickers+Parsons 1983	Vickers+Schaaf 1983	Fischer-Dieskau+Brendel 1984	Wilson-Johnson+Norris 1984	Büchner+Shetler 1985	Fischer-Dieskau+Brendel 1985	Schreier+Richter 1985	Lorenz+Shetler 1986	Ludwig+Levine 1986	Holl+Maisenberg 1987	Prey+Deutsch 1987	Bär+Parsons 1988	Equiluz+Fussi 1988	Fassbaender+Reimann 1988	Hynninen+Gothóni 1988	Egmond+Immerseel 1989	Fischer-Dieskau+Perahia 1990	Schmidt+Jansen 1990	Shirai+Höll 1990	Schreier+Schiff 1991	Araiza+Lemaire 1993	Bästlein+Laux 1994	Holzmair+Cooper 1994	Schollum+Johnson 1994	Fassbaender+Rieger 1995	Holl+Maisenberg 1995	Holl+Grubert 1995	Goerne+Johnson 1996	Prégardien+Staier 1996	Bostridge+Drake 1997	Hampson+Sawallisch 1997	Kruysen+Blerk 1997	Price+Dewey 1997	Quasthoff+Spencer 1998	Schmidt+Jansen 2000	Gerhaher+Huber 2001	Holl+Lutz 2001	Hoogklimmer+Walliser 2002	Goerne+Brendel 2003	Kollo+Pohl 2003	Schäfer+Schneider 2003	Stutzmann+Södergren 2003	Bostridge+Andsnes 2004	Golser+Delaney 2004	Quasthoff+Barenboim 2005	Padmore+Lewis 2008	Bauer+Immerseel 2009	Holzmair+Haefliger 2009	Eröd+Kutrowatz 2010	Boesch+Martineau 2011	Furlanetto+Tchetuev 2011	Finley+Drake 2013	Kaufmann+Deutsch 2013	Goerne+Hinterhäuser 2014	Prégardien+Gees 2015	Zednik+Vorzellner 2015	Bankl+Krumpöck 2016	Boesch+Vignoles 2016	Skovhus+Vladar 2016	Hatano+Takahashi 2017	Padmore+Bezuidenhout 2017	Bostridge+Adès 2018	Mattei+Nilsson 2018	Schwarz+Schornsheim 2018	DiDonato+Nézet-Séguin 2019	Lay+Chapman 2019a	Lay+Chapman 2019b	Mattei+Nilsson 2019	Sabata+Poyato 2019	Zenkl+Breinl 2020	mean	max	min	rel stdv (%)	rel range+ (%)	rel range- (%)	rel range (%)	dur (mm:ss)						
1. Gute Nacht 	05:14	0,00	0,00	0,00	06:30	06:01	05:29	06:49	05:49	05:42	05:00	06:00	05:06	05:30	06:41	05:43	05:49	05:28	05:45	05:14	05:33	05:21	05:42	05:25	05:19	05:03	06:13	05:41	05:53	05:07	05:10	05:13	05:00	05:13	04:35	05:33	06:47	07:36	05:25	04:51	05:46	05:15	06:22	05:40	06:13	07:08	05:05	06:01	05:23	05:47	05:49	05:15	05:21	05:29	04:56	05:18	07:34	05:24	05:25	05:39	05:49	06:29	06:15	05:08	06:04	05:42	05:36	05:28	05:28	05:57	04:44	05:54	05:49	05:07	05:41	03:41	04:42	06:09	05:25	06:12	05:52	06:07	05:32	05:25	04:51	05:30	06:30	05:45	05:29	05:49	05:00	05:22	06:36	05:24	04:41	04:59	05:40	05:29	05:34	06:08	05:55	06:05	06:06	05:50	05:03	05:06	05:38	07:36	03:41	10,58	34,9	-34,7	69,59 	1. Gute Nacht 						
2. Die Wetterfahne 	02:14	0,00	0,00	0,00	02:07	01:36	01:44	01:57	01:42	01:46	01:38	01:46	01:30	01:42	01:37	01:50	01:39	01:37	01:55	01:33	01:42	01:45	02:00	01:41	01:45	01:29	01:47	02:02	01:51	01:42	01:45	01:43	01:15	01:53	01:41	01:37	01:41	01:50	01:39	01:09	01:30	01:38	01:50	01:41	01:41	01:48	01:41	01:33	01:47	01:38	01:48	01:30	01:47	01:37	01:46	01:45	01:57	01:34	01:36	01:44	01:38	01:47	01:43	01:45	01:35	01:47	01:38	01:27	01:42	01:40	01:37	01:38	01:47	01:34	01:39	01:31	01:38	01:43	01:40	01:41	01:48	01:41	01:33	01:38	01:41	01:57	02:09	01:49	01:38	01:40	01:45	01:43	01:45	01:48	01:28	02:02	01:37	01:33	01:35	01:52	01:44	02:05	01:59	01:41	01:42	01:37	01:43	02:14	01:09	9,56	30,6	-32,9	63,43 	2. Die Wetterfahne 						
3. Gefror’ne Tränen 	02:16	0,00	0,00	0,00	03:22	02:40	02:56	02:48	03:09	02:45	02:09	02:47	02:06	02:31	02:31	02:18	02:39	02:38	02:09	01:52	02:32	02:19	02:08	02:21	02:16	02:00	02:32	02:38	02:37	02:29	02:10	02:14	02:10	02:05	02:04	02:49	02:38	02:57	02:27	02:01	02:28	02:13	02:58	02:51	02:57	02:47	02:08	02:39	02:15	02:16	02:16	02:35	02:15	02:29	02:42	02:19	03:06	02:19	02:11	02:25	02:27	02:41	02:30	02:24	02:11	02:31	02:10	02:19	02:25	02:18	02:16	02:46	02:27	01:57	02:30	02:09	02:18	02:29	02:12	02:27	02:25	02:30	02:25	02:18	02:26	02:40	02:52	02:33	02:20	02:52	02:00	02:29	02:53	02:28	02:04	02:15	02:10	02:15	02:18	02:39	02:30	02:35	02:31	02:29	02:27	02:28	02:27	03:22	01:52	11,34	37,2	-23,9	61,19 	3. Gefror’ne Tränen 						
4. Erstarrung 	03:13	0,00	0,00	0,00	03:17	03:00	02:46	03:12	02:58	02:43	02:42	02:44	02:38	02:52	03:00	03:00	03:15	02:50	03:06	02:39	02:54	02:58	03:19	03:09	02:58	02:49	02:48	03:30	02:59	02:44	02:50	02:46	02:40	03:21	02:38	02:42	02:19	02:33	02:51	02:34	02:42	02:51	02:57	02:54	02:30	02:52	03:19	03:01	03:18	02:49	02:45	02:31	02:52	02:38	02:47	02:33	03:38	02:41	02:48	03:09	02:39	02:43	02:26	03:10	02:38	02:54	02:50	02:47	02:56	02:41	02:42	02:52	03:14	02:41	02:58	02:31	02:48	02:41	02:53	03:14	02:34	02:53	02:41	02:51	02:40	03:00	03:12	02:57	02:55	02:49	02:56	03:16	03:05	02:52	02:26	02:57	02:46	02:53	02:44	03:11	03:11	02:47	02:48	02:47	02:42	02:57	02:52	03:38	02:19	8,33	26,2	-19,1	45,32 	4. Erstarrung 						
5. Der Lindenbaum	04:10	0,00	0,00	0,00	04:32	04:36	04:23	04:41	04:55	04:48	04:11	04:43	03:43	04:43	04:44	04:21	04:44	04:25	05:02	04:40	04:37	04:25	04:42	04:23	04:35	04:27	05:08	04:46	04:24	04:38	04:43	04:43	04:47	04:36	04:03	05:13	05:17	05:40	04:54	03:38	04:34	04:39	05:33	05:03	04:25	05:18	04:55	04:54	04:19	05:08	04:45	04:18	04:40	04:32	05:07	04:56	05:43	04:18	04:39	05:02	04:44	05:20	05:03	04:42	04:46	04:43	04:30	04:40	04:59	04:58	03:48	05:18	04:56	03:49	04:52	03:58	04:39	04:53	04:55	05:22	04:47	04:47	04:43	04:52	04:10	04:42	05:09	05:17	04:33	05:47	04:34	04:02	04:43	04:28	04:28	04:54	04:40	04:40	04:44	04:26	05:03	04:41	04:44	04:57	04:22	04:26	04:42	05:47	03:38	8,43	23,1	-22,9	46,05 	5. Der Lindenbaum						
6. Wasserflut 	03:56	0,00	0,00	0,00	03:59	04:24	03:45	04:32	04:18	04:37	03:06	04:28	03:29	04:27	04:27	04:25	04:41	04:48	03:45	04:02	04:05	03:34	03:15	03:59	04:11	04:06	04:31	03:54	04:36	03:58	04:28	03:52	05:07	04:20	03:15	05:03	04:48	04:45	04:10	03:16	04:00	03:48	04:53	05:14	03:53	05:04	04:04	04:14	03:17	03:44	03:57	03:37	03:39	04:22	04:28	04:08	04:40	03:52	04:03	04:01	03:27	05:13	05:11	04:08	04:14	04:07	03:59	04:14	04:24	04:34	03:53	04:35	04:22	03:14	04:13	03:43	03:36	04:29	03:44	04:57	04:17	04:12	04:35	04:31	03:37	04:33	04:32	03:39	03:47	04:24	03:35	03:15	04:45	03:51	04:37	03:24	04:02	03:38	04:04	04:25	03:52	04:22	04:22	04:11	04:23	03:44	04:09	05:14	03:06	11,73	25,9	-25,2	51,08 	6. Wasserflut 						
7. Auf dem Flusse 	04:06	0,00	0,00	0,00	04:24	03:36	04:00	04:36	04:23	03:50	03:06	03:46	03:07	03:49	03:40	03:52	03:57	03:45	03:32	03:21	03:41	03:44	03:44	03:45	03:25	03:21	03:37	03:43	03:38	03:34	03:24	03:24	03:17	03:15	02:48	04:45	03:59	04:00	03:29	02:40	03:40	03:16	03:28	04:07	03:29	03:39	03:19	03:39	03:23	03:13	03:16	03:34	03:17	03:42	04:00	03:23	04:17	03:07	03:24	03:23	03:08	03:42	03:14	03:16	03:29	03:32	03:16	03:31	03:28	03:23	03:18	03:55	03:40	03:05	03:22	03:17	03:22	03:41	03:24	03:40	03:51	03:31	03:13	03:21	03:35	03:50	04:19	03:47	03:31	03:05	03:00	03:19	03:59	03:12	03:12	03:31	03:08	03:21	03:08	03:09	03:40	03:30	03:34	03:22	03:20	03:37	03:33	04:45	02:40	10,12	34,1	-24,9	58,98 	7. Auf dem Flusse 						
8. Rückblick 	02:46	0,00	0,00	0,00	02:39	02:04	02:22	02:40	02:29	02:15	02:13	02:20	02:00	02:20	02:14	02:31	02:26	02:01	02:17	02:05	02:22	02:15	02:21	02:17	02:17	02:26	02:14	02:41	02:02	02:16	02:23	02:17	01:48	02:22	02:18	02:01	01:55	02:02	02:21	01:55	02:16	02:20	02:10	02:25	02:07	02:34	02:31	02:07	02:10	02:12	02:08	01:58	02:24	02:05	02:11	02:05	03:02	01:54	02:03	02:22	02:01	02:22	01:51	02:26	01:59	01:55	02:16	01:51	02:11	02:06	02:02	02:03	02:16	01:55	02:23	02:21	01:59	02:07	01:47	02:25	02:11	02:00	02:05	01:55	02:05	02:07	02:56	02:06	02:08	02:09	02:05	02:39	02:04	02:05	01:47	02:05	01:51	01:47	02:03	02:13	02:14	02:17	02:12	02:07	02:06	02:17	02:12	03:02	01:47	10,81	37,5	-19,5	57,02 	8. Rückblick 						
9. Irrlicht 	02:39	0,00	0,00	0,00	02:55	02:41	02:41	03:05	02:45	02:57	02:17	02:47	02:12	02:45	02:47	02:55	02:47	03:05	02:13	02:33	02:28	02:26	02:12	02:56	02:29	02:25	03:06	02:38	02:58	02:32	02:26	02:21	03:01	02:43	02:38	03:05	02:44	03:06	02:30	02:14	02:44	02:19	03:09	03:05	02:37	02:52	02:47	02:50	02:22	02:27	02:29	02:28	02:24	03:00	03:13	02:47	03:32	02:53	02:37	02:12	02:20	03:05	02:51	02:22	02:56	02:27	02:24	02:30	02:38	02:39	02:50	02:52	02:59	02:08	02:47	02:42	02:50	02:42	02:21	03:12	02:45	02:38	02:48	03:02	02:36	02:38	03:05	02:21	02:43	03:06	02:27	02:18	02:50	02:29	02:37	02:17	02:36	02:31	02:37	02:49	02:49	03:01	03:00	02:46	02:40	02:27	02:41	03:32	02:08	10,51	31,7	-20,7	52,40 	9. Irrlicht 						
10. Rast 	03:14	0,00	0,00	0,00	04:00	03:29	03:29	04:07	03:16	03:09	03:01	03:27	03:10	03:03	03:41	03:18	03:21	03:24	03:13	03:14	02:58	03:09	03:22	03:05	02:52	02:48	03:29	03:28	03:15	03:00	03:01	03:01	03:23	03:15	02:22	03:21	03:39	04:01	03:04	02:27	03:27	02:57	03:33	03:30	03:55	03:58	02:30	03:11	02:51	03:04	03:17	03:23	03:08	03:31	03:34	03:15	04:08	03:02	03:07	03:03	03:12	04:08	03:56	03:05	03:16	03:15	03:06	03:06	03:26	03:13	02:54	03:59	03:22	02:42	03:15	02:53	03:09	03:22	03:21	03:44	03:30	03:14	03:29	03:50	02:57	03:33	04:04	03:25	03:00	03:21	02:59	03:07	03:42	03:18	03:13	02:55	03:02	02:57	02:58	03:25	03:48	03:30	03:35	03:19	02:57	02:58	03:19	04:08	02:22	11,11	25,2	-28,3	53,47 	10. Rast 						
11 Frühlingstraum 	04:12	0,00	0,00	0,00	04:47	04:06	04:32	04:48	04:02	04:04	03:52	04:15	03:22	03:57	04:26	04:17	04:29	04:03	04:33	03:16	03:55	03:59	04:30	04:13	03:49	03:40	03:52	04:52	04:13	04:01	03:58	04:04	04:00	04:24	03:36	04:47	04:32	04:41	04:01	03:35	03:51	03:54	04:14	04:11	04:23	05:14	04:05	04:08	03:47	03:50	04:38	03:33	04:10	04:06	04:21	03:57	04:44	03:51	03:55	03:50	03:56	05:07	04:16	05:01	04:25	04:17	03:50	04:05	04:16	04:23	04:04	04:12	04:11	03:17	04:31	03:51	04:13	04:40	04:21	04:38	04:17	04:09	03:47	04:27	03:49	04:42	04:51	04:29	03:53	04:39	03:48	03:31	04:21	04:02	03:45	04:06	03:50	04:23	03:44	04:10	04:01	04:16	04:13	04:05	03:55	03:47	04:10	05:14	03:16	9,13	25,7	-21,7	47,36 	11 Frühlingstraum 						
12. Einsamkeit 	03:00	0,00	0,00	0,00	02:56	02:41	02:39	02:48	03:00	02:57	01:58	02:38	02:05	02:45	02:46	02:41	02:48	02:49	02:46	02:43	02:49	02:24	02:39	02:53	02:36	02:32	02:32	02:31	02:49	02:46	02:42	02:31	02:38	02:17	01:54	02:33	02:52	03:09	02:27	01:58	02:30	02:35	03:13	02:58	02:38	02:39	02:26	02:59	02:27	02:42	02:34	02:20	02:55	02:39	03:14	02:49	03:24	02:39	02:30	02:28	02:24	02:48	02:47	02:41	03:01	02:48	02:41	02:44	02:58	02:33	02:12	02:56	02:42	02:02	02:41	02:38	02:34	03:06	02:59	03:01	03:04	02:42	02:22	02:48	02:35	02:51	03:02	02:44	02:37	03:06	02:40	02:17	03:21	02:36	02:28	02:37	02:36	02:28	02:30	02:44	02:48	02:42	02:52	02:38	02:32	02:16	02:41	03:24	01:54	10,26	27,0	-29,1	56,08 	12. Einsamkeit 						
13. Die Post 	02:34	0,00	0,00	0,00	02:41	01:51	02:31	02:33	02:30	02:24	02:18	02:10	01:53	02:16	02:29	02:14	02:24	02:06	01:54	02:02	02:16	02:23	01:56	02:06	02:15	02:19	02:38	02:34	02:11	02:15	02:12	02:08	02:12	02:36	02:10	02:35	02:06	02:14	02:14	01:37	02:14	02:12	02:14	02:21	02:39	02:26	02:29	02:27	02:38	02:10	02:10	02:29	02:09	02:13	01:58	02:12	02:46	02:24	02:06	02:24	01:59	02:22	02:07	02:19	02:18	02:01	02:23	02:24	02:14	02:16	02:16	02:33	02:29	02:05	02:18	02:07	02:14	02:16	01:55	02:43	02:26	02:04	02:25	02:11	02:16	02:25	02:39	02:11	02:09	02:19	02:17	02:29	02:41	02:10	02:01	02:12	02:04	01:51	01:56	02:29	02:08	02:36	02:31	02:00	02:17	02:23	02:16	02:46	01:37	9,95	21,9	-28,7	50,54 	13. Die Post 						
14. Der greise Kopf 	02:55	0,00	0,00	0,00	03:00	02:43	02:54	03:23	03:22	03:40	02:26	02:51	02:17	03:09	03:02	02:34	03:00	03:14	02:45	02:47	02:59	02:36	02:30	02:46	02:54	02:40	03:01	02:58	03:22	03:02	03:09	03:01	02:46	02:49	02:30	03:37	03:14	03:18	03:02	02:16	03:05	02:54	03:06	03:26	03:04	03:34	02:55	03:19	02:41	02:55	03:12	02:36	02:54	02:57	03:18	03:04	03:19	02:42	03:01	02:35	02:48	03:37	03:30	02:45	03:10	03:06	02:34	02:56	03:06	03:11	02:48	03:18	03:16	02:16	02:50	02:51	03:20	03:01	02:47	03:08	03:13	03:04	02:52	03:18	02:53	03:08	03:13	03:03	02:42	03:36	02:33	02:35	03:08	02:39	02:34	02:30	03:04	02:46	02:55	02:57	03:20	03:03	03:01	03:07	03:01	02:27	02:58	03:40	02:16	10,32	23,4	-23,8	47,18 	14. Der greise Kopf 						
15. Die Krähe 	02:42	0,00	0,00	0,00	02:13	01:55	02:02	01:59	02:10	01:59	01:51	02:25	01:41	02:02	01:56	02:05	02:11	01:57	02:15	01:39	01:55	01:56	02:07	02:20	01:58	01:53	01:56	02:13	02:01	02:15	02:16	02:14	01:58	01:48	01:15	02:39	02:19	02:34	02:16	02:13	01:50	02:07	01:20	01:59	01:36	02:20	01:45	02:01	01:45	01:40	01:52	01:59	02:05	01:50	01:59	01:22	02:01	01:57	01:56	02:02	01:42	02:14	01:46	02:30	02:04	01:59	02:20	02:01	01:58	01:54	01:31	02:24	01:56	01:24	02:28	01:23	01:28	02:27	01:55	02:18	02:18	01:57	01:31	01:54	01:51	02:07	02:24	02:06	02:00	02:03	01:54	01:54	02:19	02:05	01:26	01:40	01:50	03:32	02:13	01:55	01:40	01:57	01:55	02:19	01:42	01:57	02:01	03:32	01:15	16,68	75,1	62,9	138,03 	15. Die Krähe 						
16. Letzte Hoffnung 	03:08	0,00	0,00	0,00	02:41	02:33	02:30	02:46	02:32	02:32	02:36	02:34	01:47	02:26	02:35	02:10	02:36	02:20	01:58	01:53	02:11	02:16	01:50	02:09	02:11	01:55	02:10	02:34	02:24	02:08	01:58	01:53	01:49	02:12	02:00	02:51	02:39	03:00	02:03	01:38	02:09	02:02	01:34	02:15	02:07	02:45	02:26	01:59	02:09	02:17	01:46	02:01	02:03	02:13	02:35	02:16	02:43	02:06	02:07	01:55	02:01	02:38	02:02	01:54	02:15	02:01	01:59	02:05	02:11	01:57	02:10	02:03	02:02	01:45	02:02	01:53	02:16	01:59	01:44	02:06	02:14	01:55	02:00	01:52	02:12	02:25	02:22	02:15	02:02	01:50	02:12	02:03	01:47	02:12	01:51	02:12	01:53	01:55	01:46	02:06	02:05	02:05	02:06	01:53	01:47	02:02	02:10	03:08	01:34	13,78	44,5	-27,4	71,95 	16. Letzte Hoffnung 						
17. Im Dorfe 	03:29	0,00	0,00	0,00	03:03	03:14	02:51	03:18	02:56	02:53	02:58	03:04	02:36	02:58	03:24	02:53	03:32	02:52	04:05	03:02	02:57	03:02	04:12	02:55	03:37	02:48	02:51	03:25	02:52	03:26	03:33	03:27	02:59	03:09	02:49	03:50	03:18	03:19	03:26	02:39	03:02	03:09	02:49	03:15	03:05	04:06	03:02	03:29	03:04	03:11	02:55	03:31	03:14	02:53	03:04	02:51	03:27	03:06	02:45	03:37	02:57	03:50	03:06	03:52	03:15	03:16	03:08	02:49	03:25	02:42	02:48	02:59	03:10	02:28	02:58	02:22	02:59	03:00	03:06	03:37	03:20	03:12	03:00	03:10	03:06	03:24	03:21	03:30	02:53	02:47	03:01	02:52	03:19	02:53	02:27	03:04	02:48	03:41	03:01	03:04	03:15	02:51	02:53	03:12	02:41	03:00	03:08	04:12	02:22	11,01	34,4	-24,4	58,76 	17. Im Dorfe 						
18. Der stürmische Morgen 	00:55	0,00	0,00	0,00	01:03	00:50	00:56	00:49	00:47	00:46	00:54	00:47	00:43	00:49	00:53	00:50	00:51	00:47	00:51	00:45	00:47	00:59	00:52	00:48	00:51	00:46	00:48	00:57	00:48	00:47	00:49	00:47	00:45	00:57	00:49	00:49	00:44	00:44	00:46	00:41	00:51	00:50	00:50	00:54	00:52	00:56	00:52	00:52	00:52	00:47	00:50	00:47	00:48	00:52	00:51	00:54	00:51	00:45	00:50	00:52	00:46	00:59	00:55	00:50	00:47	00:45	00:47	00:48	00:52	00:49	00:53	00:48	00:55	00:46	00:46	00:45	00:51	00:49	00:47	00:48	00:52	00:46	00:45	00:46	00:55	00:55	01:02	00:52	00:50	00:47	00:49	00:53	00:45	00:53	00:48	00:53	00:44	00:48	00:51	00:51	00:47	00:52	00:53	00:49	00:50	00:48	00:50	01:03	00:41	8,16	27,0	-17,8	44,77 	18. Der stürmische Morgen 						
19. Täuschung 	01:39	0,00	0,00	0,00	01:41	01:18	01:28	01:42	01:20	01:22	01:11	01:22	01:08	01:31	01:25	01:11	01:27	01:17	01:03	01:18	01:30	01:25	01:03	01:20	01:29	01:15	01:40	01:32	01:18	01:31	01:29	01:26	01:08	01:22	01:06	01:28	01:44	01:34	01:31	01:06	01:20	01:28	01:34	01:25	01:19	01:39	01:26	01:23	01:20	01:02	01:18	01:22	01:36	01:21	01:43	01:32	01:36	01:28	01:16	01:13	01:00	01:45	01:38	01:18	01:18	01:18	01:10	01:20	01:17	01:12	01:26	01:35	01:27	01:21	01:27	01:03	01:24	01:28	01:01	01:31	01:19	01:14	01:25	01:20	01:16	01:20	01:33	01:10	01:33	01:23	01:13	01:25	01:23	01:17	01:21	01:35	01:15	01:12	01:15	01:22	01:28	01:20	01:22	01:24	01:14	01:17	01:22	01:45	01:00	12,54	26,9	-27,1	54,00 	19. Täuschung 						
20. Der Wegweiser 	04:06	0,00	0,00	0,00	04:09	04:31	03:56	04:56	04:19	04:29	03:43	03:45	03:35	04:13	04:16	04:26	03:53	03:53	03:46	03:44	04:04	03:47	03:28	04:04	03:53	03:29	04:15	04:39	04:10	03:59	04:01	03:55	03:08	03:39	03:09	04:50	05:05	05:17	04:10	03:11	04:17	04:20	04:35	04:48	04:11	05:12	03:29	04:10	03:57	03:49	03:46	03:50	04:00	03:58	04:22	04:32	04:54	03:50	03:59	03:48	04:07	04:38	04:38	03:47	04:02	04:16	03:49	03:49	04:12	04:27	03:37	04:40	04:10	03:46	04:23	03:43	03:13	04:08	04:04	04:32	04:30	04:21	03:39	03:43	03:38	04:10	04:35	04:17	03:56	04:17	03:26	03:33	04:47	03:54	03:40	03:43	03:54	04:34	03:59	04:36	04:07	04:36	04:34	04:33	03:51	03:32	04:06	05:17	03:08	10,72	28,8	-23,5	52,27 	20. Der Wegweiser 						
21. Das Wirtshaus 	03:39	0,00	0,00	0,00	04:02	03:36	04:05	04:28	04:46	04:06	03:15	04:14	03:15	04:46	03:57	03:40	04:16	05:03	04:27	04:08	04:22	03:44	04:03	03:59	04:05	04:36	04:29	04:08	04:35	04:20	04:22	04:22	03:49	04:30	03:48	05:14	04:57	04:31	04:43	03:02	03:51	04:13	04:29	03:59	04:53	04:25	05:27	04:17	03:20	04:05	04:19	03:43	04:36	04:15	05:30	04:47	04:43	03:41	04:40	03:45	03:37	04:26	04:23	04:55	05:03	04:37	04:35	04:15	04:16	04:53	03:20	04:31	04:11	03:11	04:58	04:45	03:48	05:24	04:15	05:38	04:41	04:32	03:56	04:32	04:08	04:32	04:45	04:21	04:18	05:46	04:15	03:03	04:36	04:57	04:15	03:10	03:52	04:41	04:04	04:46	04:05	04:21	04:22	04:30	03:43	03:18	04:17	05:46	03:02	13,07	34,5	-29,3	63,77 	21. Das Wirtshaus 						
22. Mut 	01:45	0,00	0,00	0,00	01:36	01:26	01:23	01:17	01:28	01:20	01:34	01:28	01:15	01:20	01:32	01:25	01:25	01:18	01:24	01:17	01:22	01:43	01:19	01:23	01:23	01:17	01:27	01:34	01:29	01:20	01:20	01:19	01:14	01:29	01:23	01:22	01:17	01:17	01:19	01:09	01:21	01:21	01:22	01:30	01:32	01:26	01:21	01:22	01:28	01:22	01:22	01:25	01:28	01:27	01:25	01:32	01:27	01:18	01:27	01:21	01:20	01:34	01:23	01:21	01:19	01:20	01:13	01:20	01:26	01:15	01:29	01:24	01:24	01:18	01:15	01:17	01:21	01:21	01:19	01:18	01:29	01:18	01:23	01:19	01:29	01:22	01:41	01:23	01:18	01:16	01:20	01:27	01:17	01:18	01:24	01:28	01:15	01:15	01:14	01:29	01:15	01:28	01:27	01:14	01:21	01:19	01:23	01:45	01:09	7,75	26,7	-16,9	43,63 	22. Mut 						
23. Die Nebensonnen 	02:53	0,00	0,00	0,00	02:51	02:37	02:24	03:16	03:11	03:20	02:07	02:43	02:26	02:50	02:54	02:23	02:44	02:51	02:56	02:22	02:32	02:17	02:47	02:15	02:41	02:30	02:27	02:56	03:04	02:51	02:40	02:41	02:34	02:35	02:20	03:03	03:28	03:24	02:56	02:27	02:36	02:43	02:54	03:05	02:43	03:13	02:50	03:06	02:19	02:38	02:52	02:02	02:24	02:47	03:11	02:43	03:47	02:29	02:53	02:35	02:25	03:09	02:53	02:48	02:42	02:50	02:12	02:53	02:57	02:54	02:19	02:58	02:52	01:58	02:52	02:14	02:47	02:46	02:38	03:13	02:41	03:05	02:43	03:12	02:36	03:00	03:04	02:56	02:35	02:36	02:16	01:56	02:41	02:45	02:36	02:24	02:43	02:32	02:37	02:48	02:46	02:53	02:58	02:49	02:15	02:31	02:44	03:47	01:56	11,97	38,6	-29,4	68,01 	23. Die Nebensonnen 						
24. Der Leiermann 	03:10	0,00	0,00	0,00	03:34	03:38	03:13	03:56	03:13	03:03	02:54	04:15	02:57	03:29	03:53	03:45	03:32	03:33	03:08	03:15	03:04	03:29	03:06	03:27	03:30	03:42	03:34	04:10	03:39	03:54	04:02	03:54	03:57	03:54	03:14	04:40	04:08	04:05	04:17	03:01	04:25	03:33	04:07	04:23	03:28	03:59	03:50	03:44	03:36	03:36	04:15	03:04	03:47	03:38	04:55	03:05	05:13	03:28	02:54	03:31	03:24	03:51	03:51	03:45	03:33	03:23	03:30	02:53	03:47	03:20	03:26	03:31	03:38	02:47	03:54	03:38	03:48	04:27	03:25	04:50	04:00	04:01	03:46	03:34	03:46	04:10	04:18	03:35	03:47	04:37	03:14	02:57	03:52	03:23	04:37	03:31	03:29	03:43	03:24	04:04	03:27	04:01	04:09	03:21	03:32	03:58	03:41	05:13	02:47	12,72	41,8	-24,4	66,22 	24. Der Leiermann 						
total	1:13:55	0,05	0,05	0,05	1:18:03	1:11:07	1:10:58	1:20:25	1:15:20	1:13:27	1:02:59	1:13:21	0:59:59	1:12:12	1:14:51	1:10:48	1:14:23	1:12:05	1:10:49	1:05:21	1:09:35	1:07:56	1:09:08	1:09:41	1:09:21	1:06:18	1:13:05	1:16:05	1:13:07	1:10:33	1:10:51	1:09:16	1:07:24	1:10:43	1:00:26	1:20:28	1:18:08	1:21:36	1:12:01	0:57:16	1:10:28	1:08:38	1:15:14	1:16:57	1:12:18	1:21:54	1:10:45	1:13:27	1:06:28	1:08:22	1:10:22	1:05:51	1:09:53	1:10:33	1:17:08	1:10:06	1:26:33	1:06:48	1:08:10	1:08:55	1:05:48	1:20:28	1:14:15	1:12:14	1:12:20	1:10:50	1:07:58	1:08:15	1:12:32	1:11:15	1:04:22	1:15:42	1:13:14	0:58:35	1:13:04	1:03:14	1:07:17	1:15:08	1:07:56	1:20:17	1:14:22	1:11:51	1:08:36	1:11:48	1:07:08	1:15:01	1:21:36	1:12:32	1:08:38	1:16:06	1:05:20	1:04:24	1:16:41	1:09:00	1:05:43	1:06:22	1:06:48	1:10:25	1:07:13	1:13:37	1:11:56	1:13:52	1:14:05	1:11:25	1:06:22	1:06:13	1:11:04	1:26:33	0:57:16	7,09	21,8	-19,4	41,20 							



perc	Duhan+Foll 1928	Hüsch+Müller 1933	Lehmann+Ulanowsky 1941	Schmitt-Walter+Leitner 1941	Hotter+Raucheisen 1942	Rothmüller+Gyr 1944	Anders+Raucheisen 1945	Hotter+Schröter 1947	Fischer-Dieskau+Billing 1948	Fischer-Dieskau+Reutter 1952	Bogtman+Nobel 1954	Hotter+Moore 1954	Boyce+Germain 1955	Fischer-Dieskau+Moore 1955	Rehfuss+Werba 1956	Greindl+Klust 1957	Prey+Moore 1959	Souzay+Baldwin 1962	Pears+Britten 1963	Patzak+Demus 1964	Fischer-Dieskau+Demus 1966	Schey+Nobel 1966b	Pears+Britten 1970	Schock+Eröd 1970	Fischer-Dieskau+Moore 1971	Prey+Sawallisch 1973	Dermota+Dermota 1976	Hotter+Parsons 1976	Souzay+Baldwin 1976	Fischer-Dieskau+Pollini 1978	Fischer-Dieskau+Barenboim 1979	Fischer-Dieskau+Brendel 1979	Haefliger+Dähler 1980	Holl+Richter 1980	Czerwenka+Schneider 1981	Moll+Garben 1982	Vickers+Parsons 1983	Vickers+Schaaf 1983	Fischer-Dieskau+Brendel 1984	Wilson-Johnson+Norris 1984	Büchner+Shetler 1985	Fischer-Dieskau+Brendel 1985	Schreier+Richter 1985	Lorenz+Shetler 1986	Ludwig+Levine 1986	Holl+Maisenberg 1987	Prey+Deutsch 1987	Bär+Parsons 1988	Equiluz+Fussi 1988	Fassbaender+Reimann 1988	Hynninen+Gothóni 1988	Egmond+Immerseel 1989	Fischer-Dieskau+Perahia 1990	Schmidt+Jansen 1990	Shirai+Höll 1990	Schreier+Schiff 1991	Araiza+Lemaire 1993	Bästlein+Laux 1994	Holzmair+Cooper 1994	Schollum+Johnson 1994	Fassbaender+Rieger 1995	Holl+Maisenberg 1995	Holl+Grubert 1995	Goerne+Johnson 1996	Prégardien+Staier 1996	Bostridge+Drake 1997	Hampson+Sawallisch 1997	Kruysen+Blerk 1997	Price+Dewey 1997	Quasthoff+Spencer 1998	Schmidt+Jansen 2000	Gerhaher+Huber 2001	Holl+Lutz 2001	Hoogklimmer+Walliser 2002	Goerne+Brendel 2003	Kollo+Pohl 2003	Schäfer+Schneider 2003	Stutzmann+Södergren 2003	Bostridge+Andsnes 2004	Golser+Delaney 2004	Quasthoff+Barenboim 2005	Padmore+Lewis 2008	Bauer+Immerseel 2009	Holzmair+Haefliger 2009	Eröd+Kutrowatz 2010	Boesch+Martineau 2011	Furlanetto+Tchetuev 2011	Finley+Drake 2013	Kaufmann+Deutsch 2013	Goerne+Hinterhäuser 2014	Prégardien+Gees 2015	Zednik+Vorzellner 2015	Bankl+Krumpöck 2016	Boesch+Vignoles 2016	Skovhus+Vladar 2016	Hatano+Takahashi 2017	Padmore+Bezuidenhout 2017	Bostridge+Adès 2018	Mattei+Nilsson 2018	Schwarz+Schornsheim 2018	DiDonato+Nézet-Séguin 2019	Lay+Chapman 2019a	Lay+Chapman 2019b	Mattei+Nilsson 2019	Sabata+Poyato 2019	Zenkl+Breinl 2020	mean	max	min	rel stdv (%)	rel range+ (%)	rel range- (%)	rel range (%)	perc						
1. Gute Nacht 	7,07	7,63	7,85	8,56	8,32	8,46	7,73	8,48	7,72	7,77	7,94	8,18	8,50	7,62	8,92	8,07	7,83	7,59	8,12	8,01	7,97	7,89	8,23	7,78	7,67	7,62	8,51	7,48	8,04	7,25	7,28	7,53	7,43	7,37	7,59	6,89	8,68	9,31	7,51	8,47	8,18	7,65	8,46	7,35	8,60	8,70	7,19	8,19	8,10	8,47	8,27	7,97	7,65	7,78	6,40	7,57	8,74	8,08	7,95	8,20	8,85	8,05	8,41	7,10	8,38	8,05	8,23	8,00	7,54	8,35	7,36	7,80	7,94	8,73	7,78	5,82	7,00	8,18	7,98	7,73	7,88	8,51	8,07	7,53	7,23	7,33	7,97	7,92	7,99	7,64	7,64	8,33	8,60	7,83	7,12	7,51	8,48	7,78	8,27	8,33	8,22	8,23	8,24	8,18	7,61	7,71	7,92	9,31	5,82	6,79	1,4	-2,1	3,50 	1. Gute Nacht 						
2. Die Wetterfahne 	3,02	2,42	2,25	2,32	2,71	2,24	2,44	2,43	2,27	2,41	2,60	2,40	2,50	2,36	2,16	2,60	2,22	2,24	2,71	2,37	2,44	2,58	2,90	2,42	2,52	2,25	2,43	2,68	2,53	2,42	2,46	2,48	1,85	2,67	2,79	2,01	2,15	2,24	2,30	2,01	2,13	2,38	2,43	2,19	2,34	2,21	2,37	2,11	2,69	2,39	2,56	2,29	2,56	2,30	2,28	2,49	2,25	2,35	2,36	2,50	2,48	2,23	2,32	2,43	2,19	2,52	2,40	2,13	2,34	2,35	2,52	2,16	2,44	2,67	2,27	2,39	2,42	2,28	2,45	2,09	2,41	2,35	2,27	2,28	2,50	2,61	2,63	2,51	2,39	2,19	2,68	2,67	2,29	2,61	2,23	3,05	2,41	2,20	2,36	2,53	2,42	2,81	2,68	2,36	2,56	2,45	2,41	3,05	1,85	8,36	0,6	-0,6	1,20 	2. Die Wetterfahne 						
3. Gefror’ne Tränen 	3,06	3,63	3,91	3,41	4,32	3,74	4,14	3,48	4,19	3,75	3,42	3,79	3,50	3,48	3,37	3,24	3,56	3,64	3,03	2,86	3,63	3,41	3,09	3,38	3,26	3,03	3,47	3,47	3,58	3,52	3,06	3,22	3,21	2,94	3,43	3,51	3,37	3,61	3,41	3,52	3,51	3,23	3,95	3,71	4,09	3,39	3,03	3,62	3,38	3,32	3,23	3,92	3,22	3,51	3,50	3,32	3,58	3,46	3,20	3,52	3,73	3,34	3,38	3,33	3,03	3,56	3,20	3,40	3,34	3,24	3,51	3,65	3,34	3,33	3,42	3,39	3,41	3,30	3,24	3,05	3,25	3,47	3,51	3,20	3,63	3,56	3,52	3,52	3,41	3,76	3,05	3,87	3,77	3,58	3,14	3,38	3,26	3,19	3,43	3,59	3,48	3,49	3,39	3,47	3,69	3,71	3,45	4,32	2,86	7,75	0,9	-0,6	1,46 	3. Gefror’ne Tränen 						
4. Erstarrung 	4,36	4,40	4,02	4,02	4,21	4,23	3,90	3,97	3,94	3,69	4,29	3,73	4,39	3,98	4,01	4,25	4,38	3,94	4,39	4,05	4,17	4,36	4,80	4,51	4,28	4,24	3,83	4,60	4,09	3,87	4,01	3,98	3,95	4,73	4,35	3,36	2,97	3,12	3,95	4,47	3,82	4,16	3,92	3,78	3,46	3,51	4,69	4,11	4,96	4,11	3,91	3,81	4,10	3,74	3,60	3,64	4,19	4,02	4,12	4,57	4,02	3,38	3,27	4,39	3,63	4,10	4,17	4,07	4,06	3,78	4,19	3,80	4,41	4,58	4,06	3,97	4,15	3,58	4,23	4,02	3,44	4,00	3,90	3,97	3,96	4,01	3,92	4,07	4,25	3,71	4,50	5,07	4,01	4,16	3,70	4,45	4,14	4,09	4,08	4,32	4,42	3,77	3,77	3,91	4,07	4,46	4,06	5,07	2,97	8,90	1,0	-1,1	2,10 	4. Erstarrung 						
5. Der Lindenbaum	5,65	6,76	5,91	6,27	5,82	6,48	6,18	5,83	6,52	6,53	6,64	6,43	6,20	6,53	6,32	6,14	6,37	6,13	7,11	7,14	6,64	6,49	6,80	6,29	6,60	6,72	7,02	6,26	6,01	6,56	6,65	6,81	7,11	6,49	6,71	6,48	6,75	6,94	6,81	6,33	6,48	6,78	7,37	6,56	6,11	6,47	6,95	6,67	6,48	7,52	6,76	6,53	6,67	6,43	6,63	7,04	6,61	6,44	6,82	7,31	7,18	6,62	6,80	6,51	6,60	6,65	6,62	6,84	6,87	6,96	5,90	7,01	6,73	6,52	6,66	6,26	6,92	6,50	7,24	6,69	6,43	6,66	6,87	6,78	6,21	6,27	6,31	7,29	6,62	7,61	7,00	6,26	6,15	6,48	6,80	7,38	7,00	6,62	7,03	6,02	7,03	6,34	6,38	6,94	6,57	6,70	6,62	7,61	5,65	5,71	1,0	-1,0	1,97 	5. Der Lindenbaum						
6. Wasserflut 	5,32	6,35	4,79	5,78	5,10	6,17	5,28	5,64	5,71	6,27	4,93	6,10	5,80	6,15	5,95	6,23	6,29	6,66	5,30	6,18	5,88	5,24	4,70	5,72	6,04	6,19	6,18	5,14	6,29	5,62	6,30	5,58	7,59	6,13	5,39	6,28	6,15	5,82	5,78	5,69	5,69	5,55	6,48	6,79	5,36	6,18	5,74	5,77	4,94	5,47	5,62	5,50	5,23	6,18	5,78	5,89	5,40	5,80	5,94	5,82	5,23	6,48	6,98	5,72	5,84	5,82	5,86	6,21	6,06	6,41	6,03	6,06	5,95	5,51	5,76	5,88	5,35	5,97	5,50	6,18	5,76	5,84	6,67	6,30	5,40	6,07	5,56	5,03	5,52	5,79	5,48	5,06	6,20	5,58	7,02	5,12	6,03	5,15	6,05	6,00	5,37	5,91	5,89	5,85	6,60	5,63	5,84	7,59	4,70	8,48	1,8	-1,1	2,88 	6. Wasserflut 						
7. Auf dem Flusse 	5,55	4,52	5,08	5,30	5,63	5,07	5,63	5,72	5,81	5,21	4,92	5,13	5,20	5,28	4,90	5,47	5,30	5,21	4,99	5,12	5,30	5,48	5,40	5,37	4,92	5,05	4,96	4,88	4,98	5,05	4,81	4,91	4,86	4,60	4,62	5,91	5,10	4,91	4,85	4,65	5,20	4,76	4,60	5,34	4,82	4,45	4,70	4,96	5,10	4,70	4,65	5,42	4,70	5,24	5,19	4,82	4,94	4,67	4,98	4,91	4,77	4,60	4,35	4,53	4,81	4,98	4,81	5,14	4,78	4,74	5,12	5,17	5,00	5,26	4,61	5,20	4,99	4,91	5,00	4,57	5,18	4,89	4,68	4,66	5,35	5,11	5,30	5,21	5,12	4,04	4,60	5,15	5,20	4,65	4,86	5,31	4,70	4,75	4,66	4,28	5,10	4,73	4,81	4,72	5,02	5,46	4,99	5,91	4,04	6,64	0,9	-0,9	1,86 	7. Auf dem Flusse 						
8. Rückblick 	3,74	2,97	3,58	3,24	3,40	2,91	3,34	3,33	3,30	3,06	3,53	3,19	3,33	3,24	2,99	3,56	3,27	2,79	3,23	3,18	3,40	3,32	3,40	3,27	3,30	3,68	3,05	3,52	2,77	3,21	3,37	3,29	2,68	3,35	3,81	2,50	2,45	2,48	3,25	3,36	3,21	3,39	2,87	3,14	2,94	3,14	3,56	2,89	3,26	3,22	3,04	2,99	3,43	2,95	2,83	2,97	3,51	2,85	3,00	3,43	3,06	2,94	2,50	3,36	2,74	2,70	3,34	2,70	3,01	2,94	3,15	2,72	3,10	3,26	3,26	3,72	2,94	2,81	2,62	3,02	2,94	2,77	3,02	2,66	3,10	2,82	3,60	2,90	3,11	2,83	3,18	4,12	2,70	3,03	2,70	3,13	2,77	2,54	3,05	3,02	3,10	3,08	2,96	2,97	3,17	3,44	3,11	4,12	2,45	10,24	1,0	-0,7	1,67 	8. Rückblick 						
9. Irrlicht 	3,58	3,18	3,68	3,88	3,75	3,77	3,79	3,83	3,65	4,02	3,62	3,80	3,66	3,80	3,73	4,11	3,74	4,29	3,13	3,90	3,55	3,59	3,18	4,22	3,58	3,66	4,25	3,46	4,06	3,59	3,43	3,38	4,47	3,84	4,37	3,83	3,49	3,81	3,47	3,91	3,89	3,37	4,18	4,02	3,62	3,51	3,93	3,86	3,55	3,59	3,53	3,74	3,43	4,24	4,16	3,97	4,09	4,31	3,84	3,19	3,54	3,84	3,85	3,27	4,05	3,45	3,53	3,67	3,63	3,71	4,39	3,78	4,07	3,65	3,82	4,28	4,20	3,59	3,46	3,98	3,70	3,66	4,09	4,23	3,87	3,51	3,77	3,23	3,95	4,06	3,75	3,56	3,70	3,60	3,98	3,44	3,88	3,58	3,89	3,82	3,91	4,08	4,05	3,87	4,02	3,71	3,78	4,47	3,13	7,74	0,7	-0,6	1,34 	9. Irrlicht 						
10. Rast 	4,38	4,72	5,74	5,62	5,13	4,90	4,91	5,11	4,33	4,29	4,79	4,70	5,28	4,22	4,93	4,66	4,50	4,72	4,54	4,94	4,26	4,63	4,86	4,42	4,15	4,22	4,77	4,56	4,44	4,24	4,26	4,35	5,03	4,59	3,93	4,16	4,66	4,92	4,26	4,28	4,89	4,30	4,73	4,55	5,41	4,84	3,52	4,34	4,28	4,47	4,66	5,13	4,49	4,98	4,61	4,65	4,79	4,55	4,58	4,44	4,85	5,13	5,29	4,26	4,53	4,60	4,57	4,55	4,74	4,51	4,51	5,25	4,60	4,61	4,45	4,56	4,68	4,48	4,94	4,65	4,71	4,50	5,09	5,34	4,39	4,73	4,98	4,71	4,36	4,41	4,57	4,85	4,83	4,79	4,88	4,40	4,55	4,20	4,42	4,65	5,28	4,73	4,83	4,64	4,44	4,47	4,65	5,74	3,52	7,56	1,1	-1,1	2,22 	10. Rast 						
11 Frühlingstraum 	5,68	6,29	5,88	6,26	6,13	5,77	6,38	5,96	5,36	5,54	6,13	5,79	5,60	5,48	5,91	6,05	6,03	5,63	6,43	4,99	5,63	5,85	6,51	6,06	5,51	5,54	5,29	6,40	5,77	5,70	5,60	5,88	5,93	6,22	5,94	5,94	5,80	5,75	5,58	6,26	5,46	5,68	5,63	5,43	6,05	6,40	5,77	5,63	5,69	5,61	6,59	5,40	5,96	5,82	5,64	5,63	5,46	5,77	5,74	5,56	5,98	6,36	5,75	6,95	6,12	6,05	5,65	5,99	5,88	6,16	6,32	5,54	5,71	5,59	6,18	6,08	6,28	6,22	6,40	5,78	5,76	5,77	5,51	6,19	5,69	6,26	5,95	6,18	5,65	6,12	5,82	5,46	5,68	5,85	5,70	6,17	5,74	6,23	5,54	5,65	5,58	5,79	5,70	5,71	5,91	5,72	5,86	6,95	4,99	5,58	1,1	-0,9	1,96 	11 Frühlingstraum 						
12. Einsamkeit 	4,06	3,80	3,76	3,75	3,76	3,77	3,74	3,48	3,99	4,01	3,11	3,59	3,48	3,80	3,70	3,80	3,76	3,91	3,92	4,15	4,04	3,53	3,84	4,13	3,74	3,81	3,47	3,31	3,85	3,92	3,81	3,63	3,91	3,23	3,15	3,17	3,66	3,87	3,40	3,43	3,54	3,77	4,28	3,85	3,65	3,23	3,43	4,05	3,68	3,95	3,65	3,54	4,17	3,76	4,19	4,02	3,94	3,96	3,66	3,58	3,66	3,47	3,74	3,71	4,17	3,95	3,94	4,00	4,09	3,57	3,42	3,87	3,69	3,48	3,68	4,16	3,81	4,13	4,38	3,75	4,13	3,75	3,44	3,89	3,85	3,79	3,71	3,78	3,81	4,07	4,09	3,54	4,38	3,76	3,74	3,95	3,89	3,51	3,73	3,72	3,89	3,65	3,87	3,69	3,82	3,43	3,77	4,38	3,11	6,93	0,6	-0,7	1,27 	12. Einsamkeit 						
13. Die Post 	3,48	2,55	2,94	3,27	3,44	2,59	3,54	3,17	3,33	3,26	3,66	2,96	3,13	3,13	3,31	3,16	3,22	2,90	2,69	3,10	3,26	3,50	2,80	3,01	3,25	3,50	3,59	3,37	2,99	3,19	3,11	3,08	3,26	3,68	3,60	3,21	2,70	2,73	3,09	2,83	3,17	3,20	2,97	3,05	3,66	2,97	3,51	3,34	3,95	3,17	3,08	3,77	3,08	3,15	2,55	3,14	3,20	3,60	3,08	3,47	3,01	2,95	2,86	3,22	3,18	2,86	3,50	3,52	3,08	3,19	3,53	3,36	3,39	3,55	3,15	3,36	3,31	3,01	2,82	3,39	3,28	2,87	3,51	3,03	3,38	3,23	3,24	3,01	3,13	3,05	3,50	3,85	3,50	3,13	3,07	3,31	3,10	2,63	2,89	3,37	2,96	3,51	3,40	2,79	3,45	3,60	3,20	3,95	2,55	8,87	0,7	-0,7	1,41 	13. Die Post 						
14. Der greise Kopf 	3,94	4,41	3,64	3,80	3,84	3,81	4,08	4,21	4,47	4,98	3,86	3,89	3,81	4,36	4,05	3,63	4,03	4,50	3,88	4,26	4,28	3,82	3,63	3,96	4,19	4,03	4,13	3,90	4,60	4,29	4,44	4,37	4,10	3,98	4,14	4,49	4,14	4,05	4,21	3,95	4,37	4,23	4,12	4,47	4,24	4,36	4,12	4,52	4,04	4,28	4,56	3,96	4,14	4,19	4,28	4,37	3,83	4,04	4,42	3,75	4,26	4,48	4,71	3,81	4,39	4,37	3,79	4,31	4,26	4,46	4,35	4,35	4,47	3,88	3,89	4,51	4,94	4,02	4,10	3,91	4,31	4,27	4,19	4,59	4,28	4,17	3,94	4,20	3,93	4,74	3,91	4,02	4,08	3,85	3,90	3,76	4,59	3,94	4,33	4,01	4,63	4,12	4,06	4,37	4,55	3,71	4,17	4,98	3,63	6,80	0,8	-0,5	1,35 	14. Der greise Kopf 						
15. Die Krähe 	3,65	2,94	4,25	3,26	2,84	2,69	2,86	2,48	2,87	2,70	2,93	3,30	2,80	2,82	2,58	2,93	2,92	2,70	3,19	2,51	2,76	2,84	3,06	3,35	2,85	2,85	2,65	2,91	2,77	3,19	3,20	3,21	2,92	2,54	2,08	3,29	2,96	3,14	3,14	3,87	2,59	3,10	1,78	2,57	2,22	2,85	2,48	2,74	2,63	2,44	2,64	3,01	2,97	2,60	2,57	1,94	2,34	2,93	2,83	2,96	2,58	2,78	2,37	3,47	2,85	2,79	3,43	2,95	2,72	2,66	2,37	3,16	2,64	2,40	3,38	2,18	2,19	3,26	2,82	2,86	3,08	2,71	2,21	2,64	2,75	2,83	2,93	2,88	2,92	2,70	2,91	2,96	3,02	3,02	2,19	2,51	2,74	5,02	3,29	2,60	2,31	2,63	2,58	3,26	2,56	2,95	2,84	5,02	1,78	15,47	2,2	-1,1	3,24 	15. Die Krähe 						
16. Letzte Hoffnung 	4,24	3,29	3,38	3,06	3,43	3,60	3,53	3,44	3,36	3,45	4,12	3,49	2,98	3,37	3,46	3,06	3,48	3,23	2,77	2,88	3,13	3,35	2,66	3,09	3,15	2,89	2,96	3,37	3,28	3,02	2,78	2,71	2,69	3,11	3,31	3,55	3,39	3,67	2,86	2,84	3,05	2,96	2,09	2,93	2,93	3,36	3,43	2,70	3,24	3,35	2,52	3,07	2,92	3,14	3,35	3,24	3,13	3,15	3,10	2,77	3,06	3,26	2,73	2,63	3,10	2,84	2,92	3,04	3,00	2,73	3,35	2,71	2,77	2,99	2,79	2,99	3,37	2,65	2,56	2,63	3,01	2,66	2,90	2,60	3,29	3,22	2,90	3,11	2,96	2,41	3,37	3,18	2,33	3,19	2,82	3,31	2,83	2,73	2,64	2,85	2,89	2,82	2,84	2,65	2,69	3,07	3,05	4,24	2,09	11,29	1,2	-1,0	2,15 	16. Letzte Hoffnung 						
17. Im Dorfe 	4,70	4,82	3,95	3,58	3,91	4,56	4,03	4,10	3,90	3,94	4,71	4,19	4,32	4,12	4,55	4,08	4,74	3,98	5,76	4,64	4,24	4,47	6,08	4,18	5,21	4,23	3,90	4,49	3,92	4,87	5,00	4,99	4,43	4,46	4,65	4,77	4,23	4,07	4,77	4,64	4,30	4,58	3,75	4,23	4,26	5,00	4,30	4,75	4,62	4,65	4,14	5,33	4,63	4,10	3,98	4,07	3,98	4,63	4,03	5,25	4,47	4,76	4,17	5,36	4,50	4,62	4,62	4,13	4,71	3,79	4,34	3,94	4,33	4,20	4,07	3,74	4,44	4,00	4,56	4,51	4,47	4,45	4,38	4,42	4,62	4,53	4,11	4,84	4,20	3,66	4,61	4,46	4,32	4,19	3,73	4,61	4,20	5,23	4,49	4,17	4,52	3,85	3,89	4,48	4,06	4,54	4,41	6,08	3,58	9,85	1,7	-0,8	2,50 	17. Im Dorfe 						
18. Der stürmische Morgen 	1,25	1,07	1,03	1,18	1,35	1,16	1,31	1,01	1,04	1,05	1,44	1,08	1,21	1,13	1,17	1,18	1,15	1,08	1,21	1,15	1,14	1,46	1,25	1,16	1,23	1,15	1,10	1,25	1,09	1,11	1,14	1,14	1,12	1,35	1,35	1,02	0,93	0,90	1,06	1,19	1,21	1,21	1,11	1,17	1,20	1,13	1,24	1,18	1,29	1,15	1,18	1,19	1,14	1,23	1,10	1,29	0,99	1,11	1,22	1,25	1,16	1,23	1,24	1,16	1,09	1,06	1,16	1,16	1,20	1,14	1,37	1,05	1,26	1,32	1,06	1,19	1,26	1,09	1,14	0,99	1,16	1,07	1,09	1,08	1,36	1,22	1,26	1,20	1,22	1,04	1,24	1,36	0,99	1,28	1,21	1,34	1,09	1,13	1,26	1,15	1,08	1,18	1,18	1,14	1,25	1,20	1,17	1,46	0,90	8,93	0,3	-0,3	0,56 	18. Der stürmische Morgen 						
19. Täuschung 	2,23	1,67	1,74	2,33	2,16	1,83	2,07	2,11	1,76	1,85	1,88	1,86	1,90	2,09	1,89	1,67	1,96	1,77	1,47	1,98	2,15	2,09	1,52	1,92	2,14	1,88	2,27	2,01	1,77	2,15	2,09	2,07	1,69	1,93	1,82	1,81	2,21	1,93	2,10	1,91	1,90	2,13	2,09	1,84	1,82	2,02	2,03	1,89	2,01	1,51	1,86	2,08	2,29	1,91	2,22	2,18	1,85	2,20	1,86	1,77	1,52	2,17	2,19	1,81	1,81	1,83	1,72	1,95	1,77	1,68	2,24	2,09	1,99	2,29	1,98	1,65	2,09	1,95	1,49	1,90	1,77	1,72	2,06	1,85	1,88	1,77	1,91	1,61	2,26	1,81	1,87	2,19	1,80	1,86	2,04	2,38	1,86	1,71	1,85	1,86	2,04	1,81	1,84	1,96	1,85	1,95	1,93	2,38	1,47	10,38	0,4	-0,5	0,90 	19. Täuschung 						
20. Der Wegweiser 	5,54	5,93	6,07	5,68	5,32	6,36	5,55	6,14	5,73	6,11	5,89	5,11	5,97	5,84	5,71	6,27	5,22	5,40	5,31	5,70	5,85	5,57	5,01	5,83	5,59	5,25	5,81	6,11	5,70	5,65	5,67	5,67	4,65	5,15	5,22	6,02	6,51	6,47	5,78	5,55	6,08	6,32	6,08	6,23	5,79	6,35	4,93	5,68	5,94	5,57	5,35	5,82	5,71	5,62	5,65	6,46	5,66	5,75	5,85	5,52	6,25	5,77	6,24	5,24	5,57	6,02	5,62	5,59	5,79	6,25	5,63	6,17	5,70	6,43	6,00	5,87	4,78	5,50	5,98	5,65	6,04	6,06	5,32	5,18	5,40	5,56	5,61	5,91	5,74	5,62	5,26	5,50	6,25	5,64	5,58	5,59	5,83	6,48	5,92	6,24	5,72	6,24	6,16	6,37	5,80	5,33	5,76	6,51	4,65	6,59	0,7	-1,1	1,85 	20. Der Wegweiser 						
21. Das Wirtshaus 	4,94	5,39	6,48	4,72	5,16	5,07	5,75	5,55	6,33	5,59	5,15	5,78	5,42	6,59	5,28	5,18	5,73	7,01	6,29	6,32	6,27	5,50	5,86	5,71	5,90	6,93	6,14	5,43	6,28	6,14	6,17	6,30	5,65	6,37	6,29	6,50	6,34	5,53	6,56	5,30	5,46	6,15	5,95	5,17	6,76	5,39	7,71	5,84	5,03	5,96	6,14	5,63	6,58	6,02	7,13	6,83	5,45	5,50	6,85	5,44	5,49	5,52	5,91	6,82	6,98	6,53	6,75	6,22	5,89	6,86	5,17	5,97	5,70	5,45	6,79	7,51	5,66	7,19	6,26	7,01	6,29	6,31	5,74	6,31	6,16	6,05	5,81	5,99	6,27	7,58	6,51	4,75	6,01	7,17	6,48	4,78	5,78	6,65	6,05	6,47	5,67	5,89	5,89	6,31	5,60	4,99	6,03	7,71	4,72	10,73	1,7	-1,3	2,99 	21. Das Wirtshaus 						
22. Mut 	2,37	1,88	2,02	2,10	2,06	2,01	1,96	1,59	1,94	1,82	2,48	1,99	2,09	1,86	2,04	2,00	1,90	1,80	1,97	1,96	1,95	2,54	1,90	2,00	1,99	1,95	1,99	2,05	2,02	1,88	1,89	1,90	1,82	2,11	2,28	1,71	1,64	1,57	1,83	2,01	1,93	1,98	1,82	1,96	2,13	1,75	1,92	1,86	2,21	2,00	1,94	2,14	2,09	2,05	1,84	2,19	1,67	1,94	2,14	1,95	2,02	1,95	1,87	1,86	1,81	1,89	1,80	1,96	1,99	1,75	2,30	1,84	1,91	2,21	1,72	2,02	2,00	1,80	1,94	1,62	1,99	1,81	2,02	1,84	2,22	1,82	2,06	1,90	1,89	1,66	2,03	2,25	1,68	1,89	2,13	2,21	1,87	1,77	1,84	2,02	1,75	1,98	1,96	1,73	2,02	1,99	1,95	2,54	1,57	9,01	0,6	-0,4	0,97 	22. Mut 						
23. Die Nebensonnen 	3,90	4,65	3,36	4,02	3,65	3,69	3,37	4,06	4,22	4,53	3,36	3,71	4,04	3,92	3,87	3,38	3,67	3,96	4,14	3,63	3,65	3,36	4,04	3,24	3,87	3,77	3,35	3,87	4,18	4,03	3,77	3,88	3,80	3,66	3,86	3,78	4,43	4,17	4,07	4,29	3,69	3,96	3,85	4,00	3,76	3,94	4,00	4,23	3,49	3,84	4,07	3,09	3,43	3,93	4,14	3,87	4,38	3,70	4,22	3,75	3,68	3,92	3,89	3,87	3,73	4,00	3,23	4,23	4,06	4,07	3,59	3,91	3,92	3,35	3,92	3,54	4,13	3,69	3,87	4,01	3,62	4,29	3,97	4,46	3,86	3,99	3,76	4,05	3,77	3,41	3,47	3,00	3,50	3,98	3,95	3,61	4,07	3,60	3,88	3,80	3,85	3,91	4,01	3,95	3,38	3,80	3,84	4,65	3,00	8,00	0,8	-0,8	1,66 	23. Die Nebensonnen 						
24. Der Leiermann 	4,29	4,72	4,69	4,63	4,6	5,1	4,5	4,9	4,3	4,2	4,6	5,8	4,9	4,8	5,2	5,3	4,7	4,9	4,4	5,0	4,4	5,1	4,5	5,0	5,1	5,6	4,9	5,5	5,0	5,5	5,7	5,6	5,9	5,5	5,3	5,8	5,3	5,0	6,0	5,3	6,3	5,2	5,5	5,7	4,8	4,9	5,4	5,1	5,4	5,3	6,0	4,7	5,4	5,1	6,4	4,4	6,0	5,2	4,2	5,1	5,2	4,8	5,2	5,2	4,9	4,8	5,2	4,2	5,2	4,7	5,3	4,6	5,0	4,8	5,3	5,7	5,7	5,9	5,0	6,0	5,4	5,6	5,5	5,0	5,6	5,5	5,3	4,9	5,5	6,1	4,9	4,6	5,0	4,9	7,0	5,3	5,2	5,3	5,1	5,5	04:26	5,4	5,6	36:17	37:25	55:32	5,2	7,0	4,2	9,9	1,8	-1,02 	2,85 	24. Der Leiermann 						


dur (sec)	Duhan+Foll 1928	Hüsch+Müller 1933	Lehmann+Ulanowsky 1941	Schmitt-Walter+Leitner 1941	Hotter+Raucheisen 1942	Rothmüller+Gyr 1944	Anders+Raucheisen 1945	Hotter+Schröter 1947	Fischer-Dieskau+Billing 1948	Fischer-Dieskau+Reutter 1952	Bogtman+Nobel 1954	Hotter+Moore 1954	Boyce+Germain 1955	Fischer-Dieskau+Moore 1955	Rehfuss+Werba 1956	Greindl+Klust 1957	Prey+Moore 1959	Souzay+Baldwin 1962	Pears+Britten 1963	Patzak+Demus 1964	Fischer-Dieskau+Demus 1966	Schey+Nobel 1966b	Pears+Britten 1970	Schock+Eröd 1970	Fischer-Dieskau+Moore 1971	Prey+Sawallisch 1973	Dermota+Dermota 1976	Hotter+Parsons 1976	Souzay+Baldwin 1976	Fischer-Dieskau+Pollini 1978	Fischer-Dieskau+Barenboim 1979	Fischer-Dieskau+Brendel 1979	Haefliger+Dähler 1980	Holl+Richter 1980	Czerwenka+Schneider 1981	Moll+Garben 1982	Vickers+Parsons 1983	Vickers+Schaaf 1993	Fischer-Dieskau+Brendel 1984	Wilson-Johnson+Norris 1984	Büchner+Shetler 1985	Fischer-Dieskau+Brendel 1985	Schreier+Richter 1985	Lorenz+Shetler 1986	Ludwig+Levine 1986	Holl+Maisenberg 1987	Prey+Deutsch 1987	Bär+Parsons 1988	Equiluz+Fussi 1988	Fassbaender+Reimann 1988	Hynninen+Gothóni 1988	Egmond+Immerseel 1989	Fischer-Dieskau+Perahia 1990	Schmidt+Jansen 1990	Shirai+Höll 1990	Schreier+Schiff 1991	 Araiza+Lemaire 1993	Bästlein+Laux 1994	Holzmair+Cooper 1994	Schollum+Johnson 1994	Fassbaender+Rieger 1995	Holl+Maisenberg 1995	Holl+Grubert 1995	Goerne+Johnson 1996	Prégardien+Staier 1996	Bostridge+Drake 1997	Hampson+Sawallisch 1997	Kruysen+Blerk 1997	Price+Dewey 1997	Quasthoff+Spencer 1998	Schmidt+Jansen 2000	Gerhaher+Huber 2001	Holl+Lutz 2001	Hoogklimmer+Walliser 2002	Goerne+Brendel 2003	Kollo+Pohl 2003	Schäfer+Schneider 2003	Stutzmann+Södergren 2003	Bostridge+Andsnes 2004	Golser+Delaney 2004	Quasthoff+Barenboim 2005	Padmore+Lewis 2008	Bauer+Immerseel 2009	Holzmair+Haefliger 2009	Eröd+Kutrowatz 2010	Boesch+Martineau 2011	Furlanetto+Tchetuev 2011	Finley+Drake 2013	Kaufmann+Deutsch 2013	Goerne+Hinterhäuser 2014	Prégardien+Gees 2015	Zednik+Vorzellner 2015	Bankl+Krumpöck 2016	Boesch+Vignoles 2016	Skovhus+Vladar 2016	Hatano+Takahashi 2017	Padmore+Bezuidenhout 2017	Bostridge+Adès 2018	Mattei+Nilsson 2018	Schwarz+Schornsheim 2018	DiDonato+Nézet-Séguin 2019	Lay+Chapman 2019a	Lay+Chapman 2019b	Mattei+Nilsson 2019	Sabata+Poyato 2019	Zenkl+Breinl 2020	mean	max	min	dur (sec)										
1. Gute Nacht 	313,74	307,02	328,16	375,73	389,72	361,05	329,11	409,40	348,95	342,25	300,25	359,87	305,75	330,16	400,79	342,99	349,27	328,34	344,99	314,11	332,65	321,49	341,55	325,06	319,22	303,22	372,99	341,26	352,84	306,80	309,66	312,94	300,26	312,76	275,26	332,80	407,10	455,97	324,71	290,87	345,72	314,89	381,72	339,55	373,10	427,65	305,32	360,88	322,99	347,43	349,01	314,87	320,79	329,40	296,26	318,40	453,85	323,80	325,26	338,88	349,42	388,77	374,81	307,81	363,76	341,98	335,55	327,66	328,32	356,91	284,43	354,19	348,81	306,81	341,15	220,69	282,43	368,67	325,30	372,43	351,60	366,85	332,24	324,64	291,37	330,13	390,12	344,80	329,16	348,78	299,60	321,94	395,64	323,96	280,80	299,15	339,87	328,82	333,55	367,77	354,98	364,92	366,41	350,43	302,95	306,19	338,09	455,97	220,69	1. Gute Nacht 										
2. Die Wetterfahne 	134,03	97,25	94,05	101,82	127,06	95,80	103,84	117,17	102,41	106,27	98,36	105,84	89,87	102,35	97,23	110,44	99,05	97,07	115,31	93,03	101,77	105,26	120,15	101,14	104,87	89,46	106,61	122,50	110,82	102,43	104,59	103,06	74,74	113,16	101,11	97,15	100,88	109,87	99,43	68,92	90,19	97,96	109,91	101,29	101,36	108,46	100,73	92,85	107,44	97,97	108,20	90,50	107,14	97,16	105,52	104,83	116,93	94,27	96,48	103,52	97,93	107,46	103,19	105,33	94,91	106,96	97,91	87,29	101,75	100,41	97,18	98,16	107,35	93,82	99,44	90,67	97,86	102,73	100,02	100,56	107,67	101,26	93,32	98,39	100,81	117,33	128,67	109,23	98,45	100,09	105,20	103,03	105,35	108,20	87,94	121,56	96,65	93,02	95,10	111,75	104,47	124,67	119,14	101,25	101,77	97,46	102,66	134,03	68,92	2. Die Wetterfahne 										
3. Gefror’ne Tränen 	135,92	145,96	163,39	149,61	202,16	159,78	176,08	167,80	189,26	165,26	129,16	166,94	125,89	150,85	151,26	137,61	159,10	157,63	128,68	112,02	151,76	138,80	128,24	141,17	135,55	120,49	152,14	158,32	157,12	148,98	130,26	133,87	129,65	124,89	124,33	169,32	157,92	176,89	147,18	121,01	148,45	133,04	178,35	171,26	177,32	166,68	128,41	159,37	134,92	136,13	136,26	154,91	135,16	148,68	161,86	139,43	186,03	138,61	130,86	145,33	147,22	161,33	150,41	144,43	131,36	151,40	130,49	139,40	145,43	138,34	135,63	165,76	146,83	116,92	149,73	128,64	137,79	148,69	132,11	146,74	145,20	149,73	144,69	137,78	146,14	160,21	172,16	153,34	140,25	171,50	119,59	149,36	173,25	148,18	123,98	134,56	130,45	134,67	138,49	158,78	150,13	154,86	150,87	148,87	147,08	147,52	147,30	202,16	112,02	3. Gefror’ne Tränen 										
4. Erstarrung 	193,48	177,13	168,25	176,43	197,05	180,32	166,07	191,52	178,08	162,59	162,01	164,27	158,01	172,34	180,22	180,33	195,40	170,46	186,45	158,78	173,99	177,63	199,13	188,76	178,11	168,85	168,11	209,98	179,39	163,64	170,42	165,53	159,67	200,54	157,83	162,13	139,45	152,87	170,91	153,65	161,66	171,17	176,99	174,37	150,05	172,35	198,98	181,02	197,94	168,50	165,09	150,58	172,07	158,11	166,58	152,96	217,61	161,24	168,36	188,83	158,54	163,32	145,56	190,24	157,67	174,21	170,23	166,76	176,50	161,46	161,72	172,46	193,90	160,99	178,07	150,59	167,68	161,34	172,54	193,70	153,59	172,61	160,70	171,26	159,63	180,50	192,00	177,23	175,08	169,49	176,41	195,98	184,55	172,08	145,90	177,27	165,74	172,59	164,50	190,94	190,58	167,00	167,57	167,36	161,89	177,17	172,47	217,61	139,45	4. Erstarrung 										
5. Der Lindenbaum	250,35	271,79	247,34	275,09	272,38	276,44	262,96	281,11	294,57	287,67	251,11	282,88	222,99	282,94	284,05	260,72	284,22	264,97	302,13	279,99	277,44	264,72	282,15	263,16	274,73	267,34	307,85	285,70	263,65	277,85	282,61	283,20	287,36	275,54	243,27	312,97	316,61	339,75	294,11	217,52	274,14	279,30	332,89	302,96	265,18	317,75	295,19	293,72	258,60	308,37	285,31	257,97	279,63	272,11	306,88	296,27	343,45	258,32	278,77	302,23	283,65	319,51	302,97	282,09	286,49	282,51	269,96	280,19	298,80	297,60	227,92	318,19	295,59	229,12	291,83	237,54	279,28	293,05	295,24	322,06	286,79	287,25	282,63	291,96	250,22	282,20	308,86	317,09	272,74	347,47	274,40	241,86	283,10	268,33	268,20	294,01	280,40	279,87	283,56	265,85	303,21	281,02	283,55	297,25	261,78	266,35	282,22	347,47	217,52	5. Der Lindenbaum										
6. Wasserflut 	236,00	255,59	200,24	253,62	238,84	263,50	224,73	272,35	258,23	276,52	186,42	268,43	208,83	266,60	267,24	264,82	280,68	287,92	225,18	242,33	245,48	213,63	195,15	239,32	251,27	246,23	270,84	234,41	276,12	237,95	267,91	232,04	306,77	260,27	195,46	303,16	288,26	284,88	249,91	195,68	240,35	228,36	292,59	313,65	232,71	303,85	243,82	254,19	196,82	224,43	237,27	217,47	219,27	261,77	267,63	247,69	280,22	232,29	242,78	240,52	206,58	313,02	311,06	248,01	253,68	247,23	239,07	254,13	263,73	274,07	233,01	275,31	261,67	193,50	252,51	223,20	216,07	269,06	224,31	297,49	256,92	251,70	274,51	271,43	217,44	273,14	272,25	218,77	227,46	264,47	214,68	195,43	285,36	230,96	276,75	203,78	241,84	217,54	243,86	264,99	231,66	261,82	261,72	250,67	262,80	223,71	249,08	313,65	186,42	6. Wasserflut 										
7. Auf dem Flusse 	246,29	181,80	212,46	232,48	263,80	216,35	239,51	275,96	262,54	229,71	185,84	225,90	187,20	228,62	219,92	232,43	236,70	225,11	212,09	200,67	221,18	223,54	223,81	224,60	204,81	200,80	217,34	222,78	218,29	213,90	204,26	203,85	196,54	195,13	167,61	285,18	239,01	240,36	209,42	159,71	219,65	196,14	207,79	246,58	209,20	218,61	199,35	218,53	203,39	192,83	196,42	214,30	197,00	221,98	240,36	202,89	256,53	187,35	203,60	203,17	188,19	222,18	193,96	196,32	208,98	211,81	196,28	210,64	208,03	202,82	197,88	234,86	219,76	184,73	201,92	197,15	201,61	221,31	203,79	220,07	231,05	210,89	192,79	200,88	215,44	230,06	259,48	226,76	210,95	184,59	180,26	198,94	239,18	192,36	191,73	211,40	188,19	200,75	187,75	189,03	220,03	209,54	213,86	202,03	199,80	216,89	212,74	285,18	159,71	7. Auf dem Flusse 										
8. Rückblick 	165,66	119,47	149,63	142,18	159,11	124,02	142,16	160,45	149,03	134,91	133,23	140,22	119,80	140,29	134,45	151,29	145,73	120,64	137,36	124,79	142,00	135,25	140,88	136,77	137,24	146,47	133,66	160,89	121,63	136,04	143,05	136,75	108,23	142,33	138,07	120,86	114,64	121,53	140,59	115,29	135,68	139,74	129,53	145,05	127,43	154,24	151,08	127,42	129,98	131,94	128,22	118,34	143,69	124,94	131,01	124,73	182,09	114,36	122,77	141,71	120,67	142,13	111,39	145,59	118,80	114,57	136,37	110,64	131,07	125,82	121,76	123,50	136,04	114,52	142,86	140,97	118,54	126,62	106,70	145,49	131,23	119,62	124,50	114,73	124,90	126,82	176,32	126,11	128,09	129,06	124,77	159,19	124,39	125,32	106,58	124,59	111,20	107,22	122,91	133,47	133,65	136,68	131,67	127,09	126,12	136,54	132,43	182,09	106,58	8. Rückblick 										
9. Irrlicht 	158,56	127,83	153,74	170,15	175,47	161,05	161,47	184,78	164,98	177,26	136,78	167,28	131,62	164,79	167,33	174,63	166,76	185,34	133,00	152,81	148,06	146,42	131,90	176,33	149,05	145,48	186,44	157,76	177,93	151,83	145,67	140,60	180,85	163,00	158,45	184,92	163,65	186,31	150,08	134,31	164,39	138,62	188,67	185,43	156,92	172,37	166,87	169,88	141,61	147,22	149,20	147,94	143,77	179,62	192,55	166,86	212,30	172,74	157,02	131,71	139,90	185,44	171,42	141,63	175,77	146,62	143,95	150,14	157,97	158,58	169,74	171,54	178,92	128,37	167,45	162,33	169,68	161,71	140,88	191,82	164,90	157,74	168,30	182,19	156,06	158,01	184,62	140,66	162,53	185,52	147,16	137,51	170,30	149,04	157,08	137,09	155,51	151,44	156,83	168,90	168,69	180,63	179,89	165,97	159,98	147,23	161,21	212,30	127,83	9. Irrlicht 										
10. Rast 	194,11	189,88	240,13	246,59	240,03	209,25	209,07	246,64	195,70	189,27	181,01	206,80	189,88	183,02	221,21	197,80	200,89	204,30	193,02	193,59	177,76	188,83	201,71	184,71	172,50	167,70	209,20	208,18	194,65	179,53	181,17	180,77	203,34	194,68	142,35	200,61	218,66	240,70	184,30	146,92	206,85	177,23	213,39	209,86	234,55	237,73	149,60	191,21	170,85	183,52	196,79	202,69	188,13	210,82	213,51	195,36	248,50	182,22	187,19	183,40	191,62	247,66	235,71	184,71	196,40	195,37	186,17	186,11	206,29	192,68	174,29	238,56	202,24	162,12	195,22	172,93	188,93	201,89	201,37	223,77	209,99	194,01	209,38	230,20	176,65	212,72	243,75	204,81	179,75	201,48	179,30	187,28	222,13	198,16	192,59	175,26	182,39	177,46	178,44	205,49	227,94	209,84	214,60	198,73	176,66	177,68	198,53	248,50	142,35	10. Rast 										
11 Frühlingstraum 	251,96	252,97	245,92	274,73	287,10	246,05	271,62	287,73	242,24	243,97	231,60	255,02	201,50	237,31	265,56	257,08	269,15	243,49	273,23	195,84	234,92	238,60	270,04	253,35	229,39	220,47	232,11	292,10	253,18	241,22	237,97	244,23	239,66	263,80	215,55	286,94	272,10	281,46	241,16	214,97	230,90	233,71	254,02	250,78	262,61	314,31	244,96	248,19	226,75	230,25	278,32	213,18	249,99	246,24	260,81	236,91	283,56	231,38	234,60	229,77	235,96	306,89	255,99	301,38	265,42	257,26	230,21	245,28	255,70	263,48	243,97	251,68	250,89	196,51	271,01	230,88	253,33	280,30	260,97	278,35	256,89	248,76	226,88	266,83	229,29	281,88	291,10	268,73	232,68	279,31	228,26	211,02	261,10	242,08	224,96	245,80	230,11	263,33	223,56	249,79	240,66	256,43	253,29	244,65	235,42	227,11	250,13	314,31	195,84	11 Frühlingstraum 										
12. Einsamkeit 	179,93	152,78	157,11	164,50	176,23	160,71	159,05	167,89	180,26	176,72	117,66	157,90	125,32	164,57	166,01	161,20	167,64	169,14	166,35	162,59	168,73	143,89	159,14	172,84	155,72	151,69	152,37	151,22	169,09	165,88	161,89	151,01	158,24	136,93	114,14	153,25	171,53	189,36	146,86	117,99	149,51	155,32	193,31	177,70	158,33	158,64	145,63	178,63	146,84	162,10	154,19	139,91	174,83	159,24	193,82	168,87	204,36	158,69	149,69	148,12	144,48	167,51	166,72	160,61	180,97	167,96	160,54	163,88	177,86	152,78	132,05	175,80	162,04	122,44	161,34	157,80	153,97	186,12	178,68	180,84	184,30	161,61	141,54	167,62	154,96	170,66	181,68	164,34	156,70	185,73	160,33	136,67	201,50	155,57	147,54	157,30	156,00	148,27	150,26	164,15	167,95	161,79	171,89	158,27	152,27	136,46	160,88	204,36	114,14	12. Einsamkeit 										
13. Die Post 	154,23	102,51	123,15	143,53	160,95	110,57	150,81	153,15	150,37	143,52	138,31	130,21	112,73	135,75	148,57	134,32	143,51	125,57	114,31	121,60	136,18	142,51	116,07	126,03	135,15	139,16	157,56	153,79	130,99	134,94	131,99	128,12	131,81	156,06	130,39	155,11	126,43	133,52	133,60	97,33	134,18	131,67	134,25	140,83	158,62	146,18	149,13	147,22	157,67	130,17	130,05	149,16	128,97	133,14	118,03	131,92	166,30	144,34	126,09	143,57	118,66	142,27	127,34	139,40	138,05	121,43	142,57	144,16	133,89	136,46	136,43	152,53	148,89	124,67	138,22	127,50	133,82	135,64	114,85	163,05	146,46	123,52	144,50	130,51	136,34	145,40	158,57	131,10	128,77	139,09	137,01	148,63	160,84	129,74	121,13	131,79	124,06	111,11	116,35	149,05	127,59	155,61	151,08	119,69	137,38	143,01	136,45	166,30	97,33	13. Die Post 										
14. Der greise Kopf 	174,55	177,50	152,27	166,69	179,81	162,54	173,65	203,01	201,99	219,56	146,02	171,05	137,02	188,75	182,04	154,07	179,75	194,48	164,96	166,88	178,58	155,76	150,46	165,75	174,50	160,34	180,96	178,06	201,91	181,52	188,78	181,49	165,89	168,81	149,95	216,64	193,94	198,16	181,99	135,59	184,70	174,27	185,79	206,17	183,93	214,42	174,95	199,36	161,23	175,42	192,44	156,32	173,55	177,31	197,86	183,83	199,11	161,87	180,64	155,01	168,03	216,52	209,69	165,00	190,49	185,80	154,42	176,44	185,58	190,85	168,17	197,78	196,28	136,25	170,38	171,11	199,55	181,09	166,95	188,22	192,51	184,07	172,46	197,91	172,56	187,60	192,75	182,89	162,02	216,39	153,23	155,20	187,57	159,48	153,95	149,69	183,76	166,27	174,56	177,03	200,02	182,76	180,57	187,24	181,12	147,39	177,96	219,56	135,59	14. Der greise Kopf 										
15. Die Krähe 	161,87	118,39	177,73	143,00	132,96	114,75	121,57	119,49	129,76	119,06	110,75	145,42	100,83	122,36	115,80	124,53	130,53	116,96	135,35	98,58	115,28	115,84	127,13	139,91	118,46	113,26	116,27	132,72	121,34	135,04	136,20	133,51	118,06	107,91	75,28	159,01	138,99	153,76	135,89	132,91	109,53	127,50	80,34	118,62	96,10	140,16	105,40	120,81	104,95	100,19	111,58	118,81	124,66	110,14	118,75	81,79	121,33	117,34	115,62	122,40	102,04	134,03	105,57	150,45	123,53	118,58	140,03	120,87	118,32	113,78	91,38	143,60	116,04	84,29	148,27	82,54	88,36	146,84	114,80	137,71	137,57	117,03	91,02	113,66	110,68	127,21	143,69	125,51	120,44	123,47	114,03	114,41	138,83	125,22	86,19	99,83	109,83	212,18	132,65	114,68	99,66	116,61	114,72	139,49	101,79	117,04	121,14	212,18	75,28	15. Die Krähe 										
16. Letzte Hoffnung 	187,97	132,19	141,23	134,30	160,85	153,44	150,19	166,18	151,76	152,25	155,54	153,55	107,12	145,95	155,18	129,91	155,52	139,51	117,59	112,83	130,55	136,35	110,29	129,29	131,19	115,16	129,68	153,95	143,94	127,73	118,14	112,63	108,70	132,13	119,96	171,28	158,76	179,64	123,47	97,50	128,88	121,89	94,39	135,17	127,15	164,93	145,66	119,20	129,28	137,22	106,20	121,28	122,62	132,74	155,14	136,18	162,52	126,10	126,70	114,72	120,70	157,62	121,61	113,80	134,57	120,79	118,88	124,68	130,67	116,86	129,56	122,89	121,59	105,13	122,43	113,39	136,21	119,31	104,15	126,47	134,31	114,61	119,57	112,11	132,46	144,78	141,79	135,39	121,76	110,10	132,22	122,74	107,07	132,14	111,03	131,80	113,40	115,31	106,44	126,10	124,53	125,03	126,13	113,45	107,27	121,80	130,06	187,97	94,39	16. Letzte Hoffnung 										
17. Im Dorfe 	208,56	194,10	165,39	157,30	183,05	194,48	171,38	197,86	176,41	173,44	177,88	184,26	155,59	178,35	204,13	173,16	211,56	172,05	244,93	182,13	177,19	182,17	252,18	174,96	216,83	168,26	170,94	205,10	171,78	206,17	212,52	207,16	179,01	189,08	168,64	230,07	198,47	199,08	206,09	159,48	181,79	188,75	169,14	195,12	184,57	245,74	182,50	209,27	184,06	190,55	174,84	210,56	193,94	173,43	184,01	171,23	206,75	185,64	164,67	217,26	176,69	229,80	185,88	232,07	195,22	196,38	188,33	169,05	204,85	161,81	167,50	179,03	190,09	147,63	178,45	141,92	179,27	180,38	185,68	217,33	199,67	192,01	180,13	190,25	186,16	203,76	201,34	210,43	173,10	167,09	180,75	172,34	198,52	173,27	147,16	183,72	168,38	220,87	181,09	184,36	195,10	170,72	172,87	191,83	161,46	180,21	187,63	252,18	141,92	17. Im Dorfe 										
18. Der stürmische Morgen 	55,28	43,24	43,05	52,01	63,20	49,67	55,59	48,67	47,17	46,49	54,37	47,46	43,45	48,80	52,58	49,96	51,15	46,92	51,37	45,22	47,44	59,36	51,65	48,48	51,39	45,80	48,44	57,13	47,62	46,99	48,57	47,29	45,11	57,35	48,82	49,37	43,54	43,84	45,63	40,92	51,29	50,00	50,01	53,87	52,07	55,57	52,48	52,17	51,62	47,22	49,78	47,04	47,80	51,87	51,00	54,42	51,31	44,62	49,75	51,64	45,72	59,17	55,36	50,49	47,21	45,16	47,24	47,61	52,23	48,72	52,98	47,51	55,29	46,43	46,49	45,14	50,85	49,30	46,59	47,91	51,93	46,21	45,02	46,45	54,93	54,82	61,56	52,19	50,34	47,38	48,59	52,53	45,39	52,89	47,72	53,42	43,70	47,53	50,61	50,59	46,57	52,21	52,53	48,77	49,84	47,80	49,76	63,20	40,92	18. Der stürmische Morgen 										
19. Täuschung 	98,74	67,28	72,63	102,12	101,02	78,30	88,24	101,96	79,70	81,72	70,97	82,00	68,35	90,52	85,00	70,94	87,43	76,62	62,65	77,83	89,92	85,39	63,13	80,48	89,01	74,82	99,73	91,53	77,52	91,02	88,80	86,03	68,46	81,80	65,97	87,51	103,52	94,50	90,93	65,58	80,17	87,75	94,50	84,91	78,88	99,24	86,32	83,35	80,07	61,80	78,38	82,20	96,08	80,87	102,87	91,71	96,13	88,17	75,93	73,30	60,09	104,59	97,78	78,30	78,49	77,71	70,24	79,79	76,92	71,71	86,44	95,10	87,42	80,55	86,61	62,63	84,47	87,77	60,82	91,45	78,99	74,27	84,71	79,55	75,59	79,56	93,40	70,07	93,13	82,82	73,42	84,52	82,58	77,10	80,62	94,62	74,57	72,15	74,74	82,27	87,95	80,30	81,69	84,01	73,62	77,30	82,40	104,59	60,09	19. Täuschung 										
20. Der Wegweiser 	245,89	238,52	253,63	249,42	249,19	271,31	236,16	296,04	259,23	269,46	222,67	224,96	214,69	252,99	256,44	266,29	233,00	233,32	225,60	223,52	244,32	227,25	207,91	243,81	232,79	208,99	254,80	278,86	250,03	239,14	240,83	235,49	188,22	218,67	189,27	290,42	305,06	316,76	249,95	190,56	257,21	260,35	274,67	287,67	251,27	312,15	209,28	250,35	237,01	228,54	225,90	229,85	239,57	237,84	261,60	271,85	293,84	230,29	239,32	228,05	246,73	278,39	277,96	226,99	241,83	255,75	229,31	229,01	252,11	267,27	217,27	280,13	250,27	225,88	262,97	222,85	193,17	247,93	243,89	272,38	269,50	261,30	219,15	223,22	217,67	250,45	274,83	257,26	236,48	256,68	206,10	212,54	287,39	233,52	220,03	222,70	233,64	273,95	238,75	275,84	247,01	276,43	273,86	272,94	230,95	211,72	245,93	316,76	188,22	20. Der Wegweiser 										
21. Das Wirtshaus 	219,18	216,88	271,05	207,14	241,51	216,32	244,83	267,80	286,11	246,42	194,69	254,21	195,10	285,65	237,18	219,95	255,86	303,12	267,07	247,70	261,97	224,26	243,10	238,85	245,44	275,56	269,45	248,03	275,36	260,05	262,32	261,74	228,54	270,32	228,07	313,70	297,34	270,67	283,41	181,96	230,68	253,13	268,63	238,76	293,34	264,62	327,40	257,21	200,43	244,52	259,24	222,50	275,78	254,72	330,01	287,14	282,75	220,50	280,23	224,79	216,64	266,49	263,21	295,49	303,12	277,30	275,30	254,79	256,21	293,26	199,67	271,18	250,50	191,48	297,59	284,99	228,49	324,07	255,07	337,70	280,72	272,18	236,35	271,70	247,99	272,34	284,55	260,80	258,23	345,99	255,34	183,43	276,32	296,80	255,39	190,18	231,53	281,04	243,84	285,68	244,90	260,84	261,99	270,37	222,79	198,15	257,23	345,99	181,96	21. Das Wirtshaus 										
22. Mut 	105,14	75,57	84,48	92,17	96,45	85,86	83,26	76,78	87,81	80,06	93,66	87,70	75,29	80,46	91,80	84,75	84,87	78,00	83,59	76,88	81,63	103,45	78,92	83,43	82,61	77,41	87,39	93,72	88,52	79,62	80,31	78,90	73,66	89,36	82,66	82,43	77,02	76,93	78,96	68,95	81,42	81,38	82,29	90,41	92,38	85,76	81,45	81,83	88,21	82,13	82,00	84,69	87,63	86,65	85,13	92,29	86,69	77,58	87,43	80,68	79,62	94,00	83,18	80,79	78,75	80,25	73,22	80,22	86,41	75,02	88,82	83,73	83,71	77,81	75,20	76,63	80,64	81,15	78,92	77,86	88,88	77,89	83,07	79,41	89,41	81,70	100,66	82,88	77,70	75,70	79,58	86,89	77,33	78,06	83,93	88,10	74,86	74,71	74,22	89,17	75,33	87,96	87,12	74,13	80,57	79,17	82,95	105,14	68,95	22. Mut 										
23. Die Nebensonnen 	172,85	187,21	140,66	176,30	170,87	157,46	143,65	195,77	190,61	199,72	126,82	163,48	145,57	169,80	173,88	143,49	163,87	171,05	176,01	142,17	152,35	136,78	167,40	135,49	161,05	149,95	146,87	176,49	183,54	170,64	160,40	161,41	153,53	155,19	140,04	182,54	207,70	204,34	175,68	147,46	155,84	163,23	173,58	184,75	162,95	193,45	169,86	186,20	139,07	157,68	171,75	122,10	144,01	166,51	191,37	162,78	227,38	148,50	172,60	155,04	145,45	189,32	173,19	167,51	161,76	169,89	131,59	173,38	176,89	174,02	138,63	177,81	172,46	117,84	171,75	134,22	166,89	166,14	157,66	193,22	161,36	185,05	163,46	192,11	155,53	179,68	184,16	176,39	155,23	155,79	135,89	115,82	161,09	164,88	155,63	143,68	163,03	151,89	156,56	167,96	166,35	173,30	178,31	169,16	134,67	150,83	164,02	227,38	115,82	23. Die Nebensonnen 										
24. Der Leiermann 	190,43	189,96	196,18	203,20	03:33	29:29	48:31	38:00	43:29	30:01	45:24	36:35	59:30	38:49	40:40	49:28	31:57	41:10	03:32	30:41	57:18	49:55	43:47	01:30	47:05	34:48	40:57	29:29	32:50	12:00	21:54	40:28	11:03	34:03	12:27	49:14	31:25	36:24	55:41	45:36	33:22	23:32	38:42	08:17	48:54	26:25	18:45	51:51	35:58	01:16	55:04	48:43	29:06	40:24	27:33	44:46	30:46	31:40	10:03	01:06	15:26	17:34	00:21	54:32	23:27	00:22	01:57	52:16	22:49	47:55	04:07	31:11	00:34	54:54	57:45	01:45	27:02	53:50	30:45	52:45	34:48	22:48	22:02	56:28	44:14	54:17	15:12	01:11	19:22	57:08	32:42	55:27	54:44	43:17	41:16	19:47	30:06	35:36	38:28	37:03	27:59	05:35	42:24	45:51	36:00	08:38	30:48	313,35	167,00	24. Der Leiermann 										
total	4434,70	4022,82	4181,87	4390,09	4682,85	4267,28	4257,53	4825,20	4520,32	4407,41	3779,17	4400,87	3598,95	4332,41	4491,19	4247,74	4463,20	4324,77	4248,87	3921,04	4175,42	4076,24	4148,21	4180,88	4161,04	3978,42	4385,29	4564,72	4386,56	4233,04	4250,70	4155,57	4043,70	4243,33	3626,46	4827,73	4688,10	4896,42	4321,47	3435,98	4227,70	4117,95	4514,19	4617,41	4337,66	4913,96	4244,81	4406,73	3987,71	4101,71	4221,53	3951,29	4192,70	4233,26	4628,03	4205,62	5192,90	4008,42	4090,03	4134,62	3948,41	4828,26	4455,31	4333,64	4340,23	4249,65	4078,05	4094,69	4352,13	4274,52	3862,27	4541,91	4394,23	3514,83	4384,47	3794,43	4037,18	4507,69	4076,11	4816,79	4462,22	4310,89	4116,44	4308,45	4028,32	4500,71	4895,94	4351,80	4118,05	4565,51	3919,95	3864,11	4600,50	4139,98	3943,36	3982,50	4007,62	4224,54	4032,81	4417,39	4315,89	4432,22	4444,75	4284,69	3981,71	3972,99	4264,28	5192,9	3436,0	total										
11a	30,75	30,64	26,99	33,32	42,14	30,71	39,33	37,14	33,85	34,50	28,71	35,49	29,20	32,07	36,19	36,24	34,07	30,76	38,56	26,66	33,10	30,64	39,37	33,59	32,43	28,07	30,82	38,68	33,11	33,39	32,27	32,70	34,02	35,82	29,40	32,59	31,04	31,83	31,59	25,58	29,92	28,79	35,61	31,59	34,23	41,66	31,86	31,23	32,17	29,96	42,79	27,64	33,88	31,13	18,55	31,71	36,39	32,58	31,92	32,85	30,71	39,31	35,70	32,55	28,42	34,33	31,03	30,52	34,00	22,14	33,56	31,88	33,43	29,66	30,33	26,96	29,51	34,77	27,17	34,80	31,65	30,71	22,19	36,58	31,41	23,16	33,91	32,15	21,27	22,59	23,35	29,37	34,02	29,82	29,65	33,42	29,53	20,94	31,48	34,18	31,53	31,61	32,11	33,61	27,61	31,10	31,73	42,8	18,6	11a										
11b	26,14	24,71	19,54	29,90	27,41	24,95	25,84	25,60	21,28	20,50	24,24	23,39	18,90	20,82	24,62	23,41	22,10	20,80	25,81	20,13	19,90	24,06	23,95	24,64	22,12	22,59	24,40	26,18	20,66	19,75	20,91	22,12	21,56	23,78	23,40	21,34	20,20	20,02	19,57	18,12	21,28	21,73	20,85	22,54	19,91	26,08	24,31	22,50	23,06	20,79	20,02	19,45	21,77	20,07	71,57	22,83	18,97	22,22	21,73	19,33	20,61	28,08	21,42	21,31	21,10	23,36	22,42	20,74	25,49	66,94	21,11	22,87	24,21	20,79	24,61	20,48	23,21	24,02	22,98	22,64	23,02	20,91	58,05	21,38	21,32	71,46	27,84	24,13	57,00	75,47	48,85	22,09	22,90	20,96	21,50	25,94	20,56	70,36	18,80	24,14	20,61	22,67	22,01	20,05	22,07	22,81	25,62	75,5	18,1	11b										
11c	62,90	63,73	67,73	63,62	67,74	62,02	64,74	68,72	58,06	59,24	56,36	60,93	49,77	58,93	66,15	63,57	69,76	62,00	65,56	45,95	55,74	58,19	63,07	62,51	54,55	52,30	53,84	64,08	64,45	57,74	55,41	57,58	56,70	61,67	47,92	70,25	75,00	74,59	59,09	57,81	57,44	59,58	63,10	61,58	70,61	76,18	56,12	63,04	50,51	57,00	63,29	52,26	61,91	62,23	34,63	56,10	73,58	56,11	56,83	55,05	57,59	72,73	61,90	89,48	68,73	65,88	53,98	64,08	63,08	35,54	58,65	62,22	58,37	44,51	74,22	61,21	61,43	73,64	72,04	75,85	64,80	61,96	29,46	61,53	59,65	37,21	72,48	65,40	34,89	37,01	34,54	47,86	63,48	62,78	55,52	57,11	56,52	35,66	55,65	57,34	55,05	66,46	66,89	62,90	60,61	51,93	59,59	89,5	29,5	11c										
11a2	33,21	34,93	30,83	36,71	44,23	33,92	43,95	40,99	35,37	36,62	30,73	39,44	30,19	34,38	39,71	38,40	36,30	34,10	41,56	28,25	34,71	32,59	43,17	35,30	34,95	29,69	33,35	51,42	35,45	35,06	35,29	35,46	36,78	39,30	32,45	48,15	38,70	41,06	35,83	28,73	32,60	32,25	36,50	34,85	37,99	44,29	36,58	36,11	34,34	34,58	49,64	31,23	36,68	33,77	18,60	33,83	45,90	33,99	34,82	37,49	37,01	43,37	39,21	38,33	31,39	35,96	33,52	32,33	36,35	24,51	34,32	36,00	35,48	30,80	33,62	30,88	34,18	39,83	30,43	37,59	42,20	34,96	22,41	43,69	30,35	26,39	37,51	36,05	21,62	23,94	27,26	31,41	36,84	30,99	31,78	36,57	34,59	21,77	31,76	37,91	36,27	34,39	34,97	31,98	30,20	35,79	35,06	51,4	18,6	11a2										
11b2	27,99	24,42	21,21	31,97	28,53	26,49	24,46	26,66	23,13	21,32	25,56	22,34	19,04	21,87	24,58	23,43	22,35	20,99	25,34	18,74	21,31	24,85	24,46	24,16	21,65	22,00	25,37	28,71	22,54	22,71	21,41	23,52	21,57	25,03	24,88	22,38	21,76	25,32	20,81	19,71	21,80	22,67	23,82	22,41	19,43	29,10	25,79	22,22	23,76	20,61	24,35	20,44	22,28	21,59	83,61	23,72	18,53	22,30	22,11	19,45	20,58	31,31	21,52	21,96	23,62	23,09	24,74	22,03	25,96	80,52	21,34	23,99	25,43	20,67	24,95	21,39	23,92	23,95	24,15	23,17	21,16	21,26	66,32	22,07	21,19	93,61	30,35	24,74	66,33	88,94	65,96	23,13	23,18	22,23	21,23	27,62	20,42	81,00	19,53	26,50	21,10	22,35	22,47	19,50	23,08	22,72	27,37	93,6	18,5	11b2										
11c2	70,98	74,54	79,62	79,21	77,05	67,95	73,30	88,61	70,56	71,78	66,00	73,42	54,41	69,24	74,30	72,02	84,58	74,85	76,40	56,10	70,16	68,27	76,02	73,14	63,70	65,81	64,34	83,02	76,99	72,59	72,69	72,85	69,04	78,19	57,50	92,22	85,39	88,65	74,27	65,02	67,86	68,70	74,15	77,81	80,43	96,99	70,31	73,08	62,91	67,31	78,23	62,15	73,46	77,44	0,00	68,73	90,18	64,19	67,19	65,59	69,47	92,10	76,24	97,75	92,14	74,65	64,52	75,57	70,81	0,00	74,99	74,72	73,97	50,07	83,29	69,97	81,08	84,09	84,20	84,31	74,08	78,97	0,00	81,57	65,37	0,00	89,00	86,26	0,00	0,00	0,00	57,16	80,67	75,30	65,28	65,14	68,48	0,00	66,34	69,72	76,10	78,96	74,86	76,61	71,85	62,75	68,40	97,8	0,0	11c2										

dur (phases)	Duhan+Foll 1928	Hüsch+Müller 1933	Lehmann+Ulanowsky 1941	Schmitt-Walter+Leitner 1941	Hotter+Raucheisen 1942	Rothmüller+Gyr 1944	Anders+Raucheisen 1945	Hotter+Schörter 1947	Fischer-Dieskau+Billing 1948	Fischer-Dieskau+Reutter 1952	Bogtman+Nobel 1954	Hotter+Moore 1954	Boyce+Germain 1955	Fischer-Dieskau+Moore 1955	Rehfuss+Werba 1956	Greindl+Klust 1957	Prey+Moore 1959	Souzay+Baldwin 1962	Pears+Britten 1963	Patzak+Demus 1964	Fischer-Dieskau+Demus 1966	Schey+Nobel 1966b	Pears+Britten 1970	Schock+Eröd 1970	Fischer-Dieskau+Moore 1971	Prey+Sawallisch 1973	Dermota+Dermota 1976	Hotter+Parsons 1976	Souzay+Baldwin 1976	Fischer-Dieskau+Pollini 1978	Fischer-Dieskau+Barenboim 1979	Fischer-Dieskau+Brendel 1979	Haefliger+Dähler 1980	Holl+Richter 1980	Czerwenka+Schneider 1981	Moll+Garben 1982	Vickers+Parsons 1983	Vickers+Schaaf 1993	Fischer-Dieskau+Brendel 1984	Wilson-Johnson+Norris 1984	Büchner+Shetler 1985	Fischer-Dieskau+Brendel 1985	Schreier+Richter 1985	Lorenz+Shetler 1986	Ludwig+Levine 1986	Holl+Maisenberg 1987	Prey+Deutsch 1987	Bär+Parsons 1988	Equiluz+Fussi 1988	Fassbaender+Reimann 1988	Hynninen+Gothóni 1988	Egmond+Immerseel 1989	Fischer-Dieskau+Perahia 1990	Schmidt+Jansen 1990	Shirai+Höll 1990	Schreier+Schiff 1991	Araiza+Lemnaire 1993	Bästlein+Laux 1994	Holzmair+Cooper 1994	Schollum+Johnson 1994	Fassbaender+Rieger 1995	Holl+Maisenberg 1995	Holl+Grubert 1995	Goerne+Johnson 1996	Prégardien+Staier 1996	Bostridge+Drake 1997	Hampson+Sawallisch 1997	Kruysen+Blerk 1997	Price+Dewey 1997	Quasthoff+Spencer 1998	Schmidt+Jansen 2000	Gerhaher+Huber 2001	Holl+Lutz 2001	Hoogklimmer+Walliser 2002	Goerne+Brendel 2003	Kollo+Pohl 2003	Schäfer+Schneider 2003	Stutzmann+Södergren 2003	Bostridge+Andsnes 2004	Golser+Delaney 2004	Quasthoff+Barenboim 2005	Padmore+Lewis 2008	Bauer+Immerseel 2009	Holzmair+Haefliger 2009	Eröd+Kutrowatz 2010	Boesch+Martineau 2011	Furlanetto+Tchetuev 2011	Finley+Drake 2013	Kaufmann+Deutsch 2013	Goerne+Hinterhäuser 2014	Prégardien+Gees 2015	Zednik+Vorzellner 2015	Bankl+Krumpöck 2016	Boesch+Vignoles 2016	Skovhus+Vladar 2016	Hatano+Takahashi 2017	Padmore+Bezuidenhout 2017	Bostridge+Adès 2018	Mattei+Nilsson 2018	Schwarz+Schornsheim 2018	DiDonato+Nézet-Séguin 2019	Lay+Chapman 2019a	Lay+Chapman 2019b	Mattei+Nilsson 2019	Sabata+Poyato 2019	Zenkl+Breinl 2020	mean	max	min	rel stdv (%)	rel range+ (%)	rel range- (%)	rel range (%)	dur (phases)						
1-5	17:08	0,01	0,01	0,01	19:48	17:53	17:18	19:27	18:33	17:44	15:41	18:00	15:03	17:19	18:34	17:12	18:07	16:58	17:58	15:58	17:18	16:48	17:51	16:59	16:52	15:49	18:28	18:38	17:44	16:40	16:38	16:39	15:52	17:07	15:02	17:54	18:42	20:35	17:16	14:12	17:00	16:36	19:40	18:09	17:47	19:53	17:09	18:08	17:02	17:38	17:24	16:09	16:55	16:45	17:17	16:52	21:58	16:16	16:40	17:59	17:17	19:00	17:57	17:10	17:14	17:37	16:44	16:41	17:31	17:35	15:07	18:29	18:12	15:08	17:40	13:48	16:05	17:54	17:05	18:56	17:25	17:58	16:54	17:04	15:48	17:50	19:52	18:22	16:56	18:57	16:15	16:52	19:02	17:01	15:07	17:07	16:53	16:49	16:55	18:15	18:23	18:12	18:08	17:45	16:15	16:35	17:23	21:58	13:48	7,24	26,39	-20,58	46,97	1-5						
6-12	23:53	0,01	0,02	0,02	25:41	23:01	23:28	26:36	24:13	23:48	19:33	23:42	19:24	23:05	24:02	23:59	24:28	23:56	22:20	21:13	22:18	21:30	22:03	23:08	21:40	21:19	23:22	23:47	23:31	22:06	22:22	21:29	23:14	22:36	18:52	25:35	24:28	25:45	22:02	18:05	22:27	21:09	24:39	25:29	23:02	26:00	21:41	23:08	20:16	21:12	22:20	20:54	21:57	23:25	25:00	22:23	27:48	21:19	21:38	21:18	20:27	26:25	24:06	22:58	23:20	22:21	21:33	22:01	23:21	22:50	21:13	24:31	23:32	18:22	23:12	21:25	21:42	24:07	21:57	25:38	23:55	22:24	22:18	23:54	21:15	24:13	26:49	22:30	21:38	23:50	20:35	20:26	25:04	21:33	21:37	20:55	21:05	21:06	21:04	22:56	23:11	23:37	23:47	22:27	21:53	21:06	22:45	27:48	18:05	7,84	22,17	-20,52	42,69	6-12						
13-19	17:21	0,01	0,01	0,01	16:22	14:24	15:11	16:30	15:37	15:36	14:14	15:14	12:05	15:10	15:43	13:57	15:59	14:32	14:51	13:25	14:35	14:37	14:31	14:25	15:17	13:37	15:04	16:12	14:55	15:23	15:25	14:56	13:37	14:53	12:39	17:49	16:04	16:42	15:18	12:09	14:31	14:42	13:28	15:35	14:41	17:46	14:56	15:31	14:29	14:03	14:03	14:45	14:48	14:20	15:28	14:11	16:43	14:28	13:59	14:38	13:12	17:24	15:03	15:30	15:08	14:26	14:22	14:23	15:02	14:00	13:52	15:38	15:16	12:05	14:51	12:24	14:33	15:00	13:14	16:12	15:41	14:12	13:57	14:30	14:29	15:43	16:33	15:08	14:10	14:46	13:59	14:10	15:21	14:10	12:28	14:05	13:38	15:45	13:56	14:44	14:41	14:43	14:40	14:44	13:32	13:55	14:45	17:49	12:05	7,49	20,73	-18,12	38,86	13-19						
20-24	15:33	0,01	0,01	0,01	16:12	15:49	15:00	17:52	16:57	16:19	13:32	16:26	13:27	16:38	16:33	15:40	15:49	16:38	15:40	14:45	15:25	15:01	14:43	15:09	15:32	15:33	16:12	17:27	16:57	16:24	16:26	16:11	14:41	16:07	13:54	19:09	18:55	18:34	17:25	12:50	16:30	16:11	17:27	17:44	16:48	18:15	16:58	16:39	14:41	15:28	16:34	14:03	16:14	16:04	19:24	16:39	20:04	14:45	15:53	15:00	14:52	17:39	17:09	16:36	16:38	16:26	15:20	15:10	16:38	16:49	14:10	17:03	16:15	13:00	17:21	15:37	14:57	18:06	15:40	19:31	17:21	17:17	15:28	16:20	15:37	17:14	18:22	16:32	15:55	18:32	14:31	12:56	17:14	16:16	16:32	14:16	15:12	16:44	15:18	17:42	15:41	17:20	17:31	16:28	14:41	14:38	16:11	20:04	12:50	8,70	23,98	-20,73	44,71	20-24						
total	1:13:55	0,05	0,05	0,05	1:18:03	1:11:07	1:10:58	1:20:25	1:15:20	1:13:27	1:02:59	1:13:21	0:59:59	1:12:12	1:14:51	1:10:48	1:14:23	1:12:05	1:10:49	1:05:21	1:09:35	1:07:56	1:09:08	1:09:41	1:09:21	1:06:18	1:13:05	1:16:05	1:13:07	1:10:33	1:10:51	1:09:16	1:07:24	1:10:43	1:00:26	1:20:28	1:18:08	1:21:36	1:12:01	0:57:16	1:10:28	1:08:38	1:15:14	1:16:57	1:12:18	1:21:54	1:10:45	1:13:27	1:06:28	1:08:22	1:10:22	1:05:51	1:09:53	1:10:33	1:17:08	1:10:06	1:26:33	1:06:48	1:08:10	1:08:55	1:05:48	1:20:28	1:14:15	1:12:14	1:12:20	1:10:50	1:07:58	1:08:15	1:12:32	1:11:15	1:04:22	1:15:42	1:13:14	0:58:35	1:13:04	1:03:14	1:07:17	1:15:08	1:07:56	1:20:17	1:14:22	1:11:51	1:08:36	1:11:48	1:07:08	1:15:01	1:21:36	1:12:32	1:08:38	1:16:06	1:05:20	1:04:24	1:16:41	1:09:00	1:05:43	1:06:22	1:06:48	1:10:25	1:07:13	1:13:37	1:11:56	1:13:52	1:14:05	1:11:25	1:06:22	1:06:13	1:11:04	1:26:33	0:57:16	7,09	21,78	-19,42	41,20	total						

perc (phases)	Duhan+Foll 1928	Hüsch+Müller 1933	Lehmann+Ulanowsky 1941	Schmitt-Walter+Leitner 1941	Hotter+Raucheisen 1942	Rothmüller+Gyr 1944	Anders+Raucheisen 1945	Hotter+Schörter 1947	Fischer-Dieskau+Billing 1948	Fischer-Dieskau+Reutter 1952	Bogtman+Nobel 1954	Hotter+Moore 1954	Boyce+Germain 1955	Fischer-Dieskau+Moore 1955	Rehfuss+Werba 1956	Greindl+Klust 1957	Prey+Moore 1959	Souzay+Baldwin 1962	Pears+Britten 1963	Patzak+Demus 1964	Fischer-Dieskau+Demus 1966	Schey+Nobel 1966b	Pears+Britten 1970	Schock+Eröd 1970	Fischer-Dieskau+Moore 1971	Prey+Sawallisch 1973	Dermota+Dermota 1976	Hotter+Parsons 1976	Souzay+Baldwin 1976	Fischer-Dieskau+Pollini 1978	Fischer-Dieskau+Barenboim 1979	Fischer-Dieskau+Brendel 1979	Haefliger+Dähler 1980	Holl+Richter 1980	Czerwenka+Schneider 1981	Moll+Garben 1982	Vickers+Parsons 1983	Vickers+Schaaf 1993	Fischer-Dieskau+Brendel 1984	Wilson-Johnson+Norris 1984	Büchner+Shetler 1985	Fischer-Dieskau+Brendel 1985	Schreier+Richter 1985	Lorenz+Shetler 1986	Ludwig+Levine 1986	Holl+Maisenberg 1987	Prey+Deutsch 1987	Bär+Parsons 1988	Equiluz+Fussi 1988	Fassbaender+Reimann 1988	Hynninen+Gothóni 1988	Egmond+Immerseel 1989	Fischer-Dieskau+Perahia 1990	Schmidt+Jansen 1990	Shirai+Höll 1990	Schreier+Schiff 1991	Araiza+Lemnaire 1993	Bästlein+Laux 1994	Holzmair+Cooper 1994	Schollum+Johnson 1994	Fassbaender+Rieger 1995	Holl+Maisenberg 1995	Holl+Grubert 1995	Goerne+Johnson 1996	Prégardien+Staier 1996	Bostridge+Drake 1997	Hampson+Sawallisch 1997	Kruysen+Blerk 1997	Price+Dewey 1997	Quasthoff+Spencer 1998	Schmidt+Jansen 2000	Gerhaher+Huber 2001	Holl+Lutz 2001	Hoogklimmer+Walliser 2002	Goerne+Brendel 2003	Kollo+Pohl 2003	Schäfer+Schneider 2003	Stutzmann+Södergren 2003	Bostridge+Andsnes 2004	Golser+Delaney 2004	Quasthoff+Barenboim 2005	Padmore+Lewis 2008	Bauer+Immerseel 2009	Holzmair+Haefliger 2009	Eröd+Kutrowatz 2010	Boesch+Martineau 2011	Furlanetto+Tchetuev 2011	Finley+Drake 2013	Kaufmann+Deutsch 2013	Goerne+Hinterhäuser 2014	Prégardien+Gees 2015	Zednik+Vorzellner 2015	Bankl+Krumpöck 2016	Boesch+Vignoles 2016	Skovhus+Vladar 2016	Hatano+Takahashi 2017	Padmore+Bezuidenhout 2017	Bostridge+Adès 2018	Mattei+Nilsson 2018	Schwarz+Schornsheim 2018	DiDonato+Nézet-Séguin 2019	Lay+Chapman 2019a	Lay+Chapman 2019b	Mattei+Nilsson 2019	Sabata+Poyato 2019	Zenkl+Breinl 2020	mean	max	min	rel stdv (%)	rel range+ (%)	rel range- (%)	rel range (%)	perc (phases)						
1-5	23,17	24,84	23,94	24,57	25,38	25,15	24,38	24,19	24,63	24,14	24,90	24,54	25,08	23,97	24,79	24,30	24,36	23,55	25,36	24,43	24,85	24,73	25,82	24,38	24,33	23,86	25,26	24,49	24,25	23,62	23,47	24,03	23,53	24,20	24,87	22,25	23,93	25,23	23,98	24,80	24,13	24,20	26,14	23,59	24,60	24,28	24,23	24,69	25,63	25,80	24,73	24,52	24,20	23,75	22,41	24,06	25,38	24,35	24,44	26,09	26,26	23,62	24,17	23,76	23,83	24,87	24,62	24,45	24,14	24,67	23,48	24,41	24,86	25,82	24,18	21,82	23,90	23,84	25,15	23,57	23,42	25,00	24,62	23,77	23,54	23,78	24,34	25,32	24,66	24,91	24,88	26,19	24,82	24,66	23,00	25,78	25,28	23,88	25,17	24,79	25,57	24,65	24,47	24,86	24,50	25,04	24,46	26,26	21,82	3,31	7,34	-10,8	18,1	1-5						
6-12	32,30	31,83	32,50	33,81	32,90	32,36	33,06	33,07	32,14	32,41	31,03	32,30	32,35	31,97	32,10	33,88	32,88	33,20	31,54	32,46	32,05	31,65	31,88	33,20	31,24	32,14	31,97	31,27	32,16	31,33	31,57	31,02	34,46	31,96	31,20	31,79	31,31	31,55	30,60	31,57	31,87	30,82	32,77	33,12	31,85	31,74	30,66	31,50	30,50	31,02	31,75	31,73	31,40	33,18	32,40	31,94	32,11	31,91	31,73	30,92	31,09	32,82	32,46	31,80	32,26	31,55	31,70	32,26	32,18	32,06	32,95	32,39	32,12	31,36	31,76	33,87	32,25	32,10	32,30	31,93	32,17	31,18	32,50	33,28	31,64	32,29	32,87	31,03	31,52	31,33	31,50	31,73	32,69	31,24	32,90	31,52	31,57	29,97	31,33	31,15	32,22	31,96	32,10	31,45	32,98	31,86	32,00	34,46	29,97	2,44	7,70	-6,4	14,1	6-12						
13-19	23,48	20,76	20,93	20,48	20,97	20,24	21,41	20,52	20,73	21,24	22,59	20,77	20,15	21,02	21,00	19,70	21,50	20,17	20,97	20,53	20,96	21,52	20,99	20,69	22,03	20,53	20,61	21,30	20,41	21,81	21,76	21,57	20,21	21,05	20,93	22,14	20,56	20,47	21,23	21,23	20,59	21,41	17,91	20,24	20,32	21,70	21,12	21,14	21,79	20,54	19,98	22,41	21,17	20,30	20,04	20,24	19,32	21,66	20,52	21,23	20,06	21,62	20,27	21,45	20,91	20,37	21,13	21,07	20,74	19,66	21,55	20,66	20,84	20,63	20,32	19,61	21,61	19,97	19,48	20,18	21,10	19,76	20,34	20,20	21,57	20,96	20,28	20,86	20,63	19,41	21,41	22,01	20,02	20,53	18,96	21,22	20,40	22,38	20,74	20,01	20,42	19,93	19,79	20,64	20,41	21,01	20,77	23,48	17,91	3,87	13,03	-13,8	26,8	13-19						
20-24	21,05	22,57	22,62	21,14	20,76	22,24	21,15	22,22	22,50	22,21	21,48	22,39	22,43	23,04	22,10	22,12	21,27	23,08	22,12	22,58	22,14	22,10	21,30	21,74	22,40	23,46	22,17	22,94	23,18	23,24	23,20	23,38	21,80	22,79	23,00	23,81	24,20	22,75	24,19	22,40	23,41	23,57	23,18	23,05	23,23	22,29	23,99	22,68	22,09	22,64	23,55	21,34	23,22	22,77	25,14	23,76	23,19	22,08	23,31	21,76	22,60	21,93	23,09	22,98	23,01	23,20	22,55	22,22	22,94	23,61	22,01	22,53	22,18	22,19	23,75	24,69	22,23	24,09	23,07	24,32	23,32	24,06	22,53	22,75	23,25	22,97	22,50	22,80	23,18	24,35	22,21	20,07	22,47	23,57	25,14	21,49	22,75	23,77	22,75	24,05	21,79	23,46	23,64	23,05	22,12	22,10	22,76	25,14	20,07	4,01	10,46	-11,8	22,3	20-24						

perc	Duhan+Foll 1928	Hüsch+Müller 1933	Lehmann+Ulanowsky 1941	Schmitt-Walter+Leitner 1941	Hotter+Raucheisen 1942	Rothmüller+Gyr 1944	Anders+Raucheisen 1945	Hotter+Schörter 1947	Fischer-Dieskau+Billing 1948	Fischer-Dieskau+Reutter 1952	Bogtman+Nobel 1954	Hotter+Moore 1954	Boyce+Germain 1955	Fischer-Dieskau+Moore 1955	Rehfuss+Werba 1956	Greindl+Klust 1957	Prey+Moore 1959	Souzay+Baldwin 1962	Pears+Britten 1963	Patzak+Demus 1964	Fischer-Dieskau+Demus 1966	Schey+Nobel 1966b	Pears+Britten 1970	Schock+Eröd 1970	Fischer-Dieskau+Moore 1971	Prey+Sawallisch 1973	Dermota+Dermota 1976	Hotter+Parsons 1976	Souzay+Baldwin 1976	Fischer-Dieskau+Pollini 1978	Fischer-Dieskau+Barenboim 1979	Fischer-Dieskau+Brendel 1979	Haefliger+Dähler 1980	Holl+Richter 1980	Czerwenka+Schneider 1981	Moll+Garben 1982	Vickers+Parsons 1983	Vickers+Schaaf 1993	Fischer-Dieskau+Brendel 1984	Wilson-Johnson+Norris 1984	Büchner+Shetler 1985	Fischer-Dieskau+Brendel 1985	Schreier+Richter 1985	Lorenz+Shetler 1986	Ludwig+Levine 1986	Holl+Maisenberg 1987	Prey+Deutsch 1987	Bär+Parsons 1988	Equiluz+Fussi 1988	Fassbaender+Reimann 1988	Hynninen+Gothóni 1988	Egmond+Immerseel 1989	Fischer-Dieskau+Perahia 1990	Schmidt+Jansen 1990	Shirai+Höll 1990	Schreier+Schiff 1991	Araiza+Lemnaire 1993	Bästlein+Laux 1994	Holzmair+Cooper 1994	Schollum+Johnson 1994	Fassbaender+Rieger 1995	Holl+Maisenberg 1995	Holl+Grubert 1995	Goerne+Johnson 1996	Prégardien+Staier 1996	Bostridge+Drake 1997	Hampson+Sawallisch 1997	Kruysen+Blerk 1997	Price+Dewey 1997	Quasthoff+Spencer 1998	Schmidt+Jansen 2000	Gerhaher+Huber 2001	Holl+Lutz 2001	Hoogklimmer+Walliser 2002	Goerne+Brendel 2003	Kollo+Pohl 2003	Schäfer+Schneider 2003	Stutzmann+Södergren 2003	Bostridge+Andsnes 2004	Golser+Delaney 2004	Quasthoff+Barenboim 2005	Padmore+Lewis 2008	Bauer+Immerseel 2009	Holzmair+Haefliger 2009	Eröd+Kutrowatz 2010	Boesch+Martineau 2011	Furlanetto+Tchetuev 2011	Finley+Drake 2013	Kaufmann+Deutsch 2013	Goerne+Hinterhäuser 2014	Prégardien+Gees 2015	Zednik+Vorzellner 2015	Bankl+Krumpöck 2016	Boesch+Vignoles 2016	Skovhus+Vladar 2016	Hatano+Takahashi 2017	Padmore+Bezuidenhout 2017	Bostridge+Adès 2018	Mattei+Nilsson 2018	Schwarz+Schornsheim 2018	DiDonato+Nézet-Séguin 2019	Lay+Chapman 2019a	Lay+Chapman 2019b	Mattei+Nilsson 2019	Sabata+Poyato 2019	Zenkl+Breinl 2020	mean	max	min	rel stdv (%)	rel range+ (%)	rel range- (%)	rel range (%)	perc						
dev from mean																																																																																																																		dev from mean						
1-5	-1,29	0,37	-0,52	0,11	0,91	0,69	-0,08	-0,28	0,16	-0,32	0,43	0,07	0,61	-0,49	0,33	-0,17	-0,11	-0,91	0,90	-0,03	0,39	0,26	1,36	-0,08	-0,13	-0,60	0,80	0,02	-0,21	-0,85	-1,00	-0,43	-0,93	-0,26	0,40	-2,21	-0,53	0,77	-0,48	0,33	-0,33	-0,27	1,67	-0,87	0,14	-0,19	-0,23	0,22	1,16	1,34	0,26	0,06	-0,26	-0,71	-2,05	-0,40	0,91	-0,11	-0,02	1,63	1,79	-0,84	-0,29	-0,70	-0,64	0,41	0,16	-0,01	-0,32	0,21	-0,98	-0,05	0,40	1,36	-0,28	-2,64	-0,56	-0,63	0,69	-0,89	-1,05	0,54	0,16	-0,70	-0,93	-0,68	-0,12	0,85	0,20	0,45	0,41	1,73	0,36	0,19	-1,47	1,31	0,82	-0,58	0,71	0,33	1,10	0,18	0,00	0,40	0,04	0,57	0,00	1,79	-2,64	0,79	1,79	-2,64	4,43	1-5						
6-12	0,30	-0,18	0,50	1,81	0,90	0,36	1,06	1,07	0,14	0,41	-0,98	0,30	0,35	-0,03	0,10	1,88	0,88	1,20	-0,46	0,45	0,05	-0,35	-0,12	1,20	-0,76	0,14	-0,03	-0,73	0,16	-0,67	-0,43	-0,98	2,46	-0,04	-0,80	-0,21	-0,69	-0,46	-1,40	-0,43	-0,13	-1,18	0,77	1,11	-0,15	-0,26	-1,34	-0,50	-1,50	-0,98	-0,25	-0,27	-0,60	1,18	0,40	-0,06	0,11	-0,09	-0,27	-1,08	-0,92	0,82	0,46	-0,20	0,26	-0,45	-0,31	0,26	0,18	0,05	0,95	0,39	0,12	-0,64	-0,25	1,87	0,25	0,10	0,30	-0,07	0,16	-0,82	0,50	1,28	-0,36	0,29	0,87	-0,98	-0,48	-0,68	-0,50	-0,27	0,69	-0,76	0,90	-0,48	-0,43	-2,03	-0,67	-0,86	0,22	-0,04	0,10	-0,55	0,98	-0,15	0,00	2,46	-2,03	0,77	2,46	-2,03	4,50	6-12						
13-19	2,71	-0,01	0,16	-0,30	0,19	-0,53	0,63	-0,25	-0,04	0,47	1,82	-0,00	-0,63	0,24	0,23	-1,07	0,72	-0,61	0,20	-0,24	0,19	0,75	0,22	-0,09	1,25	-0,24	-0,17	0,53	-0,37	1,04	0,99	0,79	-0,57	0,28	0,16	1,37	-0,22	-0,30	0,46	0,45	-0,18	0,64	-2,86	-0,53	-0,45	0,93	0,35	0,36	1,02	-0,23	-0,80	1,63	0,40	-0,47	-0,73	-0,54	-1,45	0,88	-0,25	0,46	-0,72	0,85	-0,50	0,68	0,14	-0,40	0,36	0,29	-0,04	-1,12	0,78	-0,11	0,06	-0,15	-0,45	-1,16	0,84	-0,80	-1,30	-0,59	0,33	-1,02	-0,43	-0,57	0,79	0,18	-0,49	0,08	-0,14	-1,36	0,64	1,23	-0,76	-0,25	-1,81	0,44	-0,37	1,61	-0,03	-0,76	-0,35	-0,84	-0,98	-0,13	-0,37	0,23	0,00	2,71	-2,86	0,80	2,71	-2,86	5,57	13-19						
20-24	-1,71	-0,19	-0,14	-1,62	-2,00	-0,52	-1,61	-0,54	-0,27	-0,55	-1,28	-0,37	-0,33	0,27	-0,66	-0,64	-1,50	0,32	-0,64	-0,18	-0,62	-0,66	-1,47	-1,03	-0,36	0,70	-0,60	0,18	0,42	0,47	0,44	0,62	-0,97	0,03	0,24	1,05	1,44	-0,01	1,42	-0,36	0,65	0,81	0,42	0,29	0,47	-0,48	1,23	-0,08	-0,68	-0,13	0,78	-1,42	0,46	0,00	2,38	1,00	0,42	-0,68	0,54	-1,01	-0,16	-0,83	0,33	0,22	0,24	0,44	-0,21	-0,54	0,17	0,85	-0,75	-0,23	-0,58	-0,57	0,98	1,93	-0,53	1,33	0,31	1,55	0,56	1,30	-0,23	-0,01	0,49	0,21	-0,26	0,04	0,42	1,59	-0,55	-2,69	-0,29	0,81	2,38	-1,27	-0,02	1,01	-0,01	1,29	-0,97	0,70	0,88	0,29	-0,64	-0,66	-0,00	2,38	-2,69	0,90	2,38	-2,69	5,07	20-24						
dev from mean (abs)																																																																																																																		dev from mean (abs)						
1-5	1,29	0,37	0,52	0,11	0,91	0,69	0,08	0,28	0,16	0,32	0,43	0,07	0,61	0,49	0,33	0,17	0,11	0,91	0,90	0,03	0,39	0,26	1,36	0,08	0,13	0,60	0,80	0,02	0,21	0,85	1,00	0,43	0,93	0,26	0,40	2,21	0,53	0,77	0,48	0,33	0,33	0,27	1,67	0,87	0,14	0,19	0,23	0,22	1,16	1,34	0,26	0,06	0,26	0,71	2,05	0,40	0,91	0,11	0,02	1,63	1,79	0,84	0,29	0,70	0,64	0,41	0,16	0,01	0,32	0,21	0,98	0,05	0,40	1,36	0,28	2,64	0,56	0,63	0,69	0,89	1,05	0,54	0,16	0,70	0,93	0,68	0,12	0,85	0,20	0,45	0,41	1,73	0,36	0,19	1,47	1,31	0,82	0,58	0,71	0,33	1,10	0,18	0,00	0,40	0,04	0,57	0,60	2,64	0,00	0,52	2,04	-0,59	2,63	1-5						
6-12	0,30	0,18	0,50	1,81	0,90	0,36	1,06	1,07	0,14	0,41	0,98	0,30	0,35	0,03	0,10	1,88	0,88	1,20	0,46	0,45	0,05	0,35	0,12	1,20	0,76	0,14	0,03	0,73	0,16	0,67	0,43	0,98	2,46	0,04	0,80	0,21	0,69	0,46	1,40	0,43	0,13	1,18	0,77	1,11	0,15	0,26	1,34	0,50	1,50	0,98	0,25	0,27	0,60	1,18	0,40	0,06	0,11	0,09	0,27	1,08	0,92	0,82	0,46	0,20	0,26	0,45	0,31	0,26	0,18	0,05	0,95	0,39	0,12	0,64	0,25	1,87	0,25	0,10	0,30	0,07	0,16	0,82	0,50	1,28	0,36	0,29	0,87	0,98	0,48	0,68	0,50	0,27	0,69	0,76	0,90	0,48	0,43	2,03	0,67	0,86	0,22	0,04	0,10	0,55	0,98	0,15	0,59	2,46	0,03	0,49	1,87	-0,56	2,43	6-12						
13-19	2,71	0,01	0,16	0,30	0,19	0,53	0,63	0,25	0,04	0,47	1,82	0,00	0,63	0,24	0,23	1,07	0,72	0,61	0,20	0,24	0,19	0,75	0,22	0,09	1,25	0,24	0,17	0,53	0,37	1,04	0,99	0,79	0,57	0,28	0,16	1,37	0,22	0,30	0,46	0,45	0,18	0,64	2,86	0,53	0,45	0,93	0,35	0,36	1,02	0,23	0,80	1,63	0,40	0,47	0,73	0,54	1,45	0,88	0,25	0,46	0,72	0,85	0,50	0,68	0,14	0,40	0,36	0,29	0,04	1,12	0,78	0,11	0,06	0,15	0,45	1,16	0,84	0,80	1,30	0,59	0,33	1,02	0,43	0,57	0,79	0,18	0,49	0,08	0,14	1,36	0,64	1,23	0,76	0,25	1,81	0,44	0,37	1,61	0,03	0,76	0,35	0,84	0,98	0,13	0,37	0,23	0,61	2,86	0,00	0,51	2,26	-0,60	2,86	13-19						
20-24	1,71	0,19	0,14	1,62	2,00	0,52	1,61	0,54	0,27	0,55	1,28	0,37	0,33	0,27	0,66	0,64	1,50	0,32	0,64	0,18	0,62	0,66	1,47	1,03	0,36	0,70	0,60	0,18	0,42	0,47	0,44	0,62	0,97	0,03	0,24	1,05	1,44	0,01	1,42	0,36	0,65	0,81	0,42	0,29	0,47	0,48	1,23	0,08	0,68	0,13	0,78	1,42	0,46	0,00	2,38	1,00	0,42	0,68	0,54	1,01	0,16	0,83	0,33	0,22	0,24	0,44	0,21	0,54	0,17	0,85	0,75	0,23	0,58	0,57	0,98	1,93	0,53	1,33	0,31	1,55	0,56	1,30	0,23	0,01	0,49	0,21	0,26	0,04	0,42	1,59	0,55	2,69	0,29	0,81	2,38	1,27	0,02	1,01	0,01	1,29	0,97	0,70	0,88	0,29	0,64	0,66	0,70	2,69	0,00	0,56	1,99	-0,70	2,69	20-24						
mean abs dev 	1,50	0,19	0,33	0,96	1,00	0,52	0,85	0,54	0,15	0,44	1,13	0,19	0,48	0,26	0,33	0,94	0,80	0,76	0,55	0,23	0,31	0,51	0,79	0,60	0,63	0,42	0,40	0,37	0,29	0,76	0,71	0,70	1,23	0,15	0,40	1,21	0,72	0,38	0,94	0,39	0,32	0,72	1,43	0,70	0,30	0,46	0,79	0,29	1,09	0,67	0,52	0,85	0,43	0,59	1,39	0,50	0,72	0,44	0,27	1,04	0,90	0,84	0,40	0,45	0,32	0,42	0,26	0,27	0,18	0,56	0,87	0,20	0,29	0,68	0,49	1,90	0,55	0,71	0,65	0,78	0,52	0,92	0,33	0,64	0,64	0,34	0,43	0,49	0,31	1,02	0,53	1,48	0,52	0,50	1,64	0,88	0,41	1,31	0,36	0,81	0,66	0,44	0,49	0,34	0,51	0,40	0,62	1,90	0,15	0,35	1,27	-0,47	1,75	mean abs dev 						











